OrderItemID,OrderID,ProductID,Quantity,UnitPrice,Discount,LineTotal
OI00001,ORD00001,P0017,2,28.31,0.05,53.79
OI00002,ORD00001,P0048,3,189.24,0.1,510.95
OI00003,ORD00001,P0041,3,223.53,0.0,670.59
OI00004,ORD00001,P0007,3,177.14,0.1,478.28
OI00005,ORD00002,P0043,3,74.83,0.05,213.27
OI00006,ORD00002,P0010,4,99.31,0.0,397.24
OI00007,ORD00002,P0031,2,89.19,0.05,169.46
OI00008,ORD00002,P0044,1,191.46,0.15,162.74
OI00009,ORD00003,P0018,2,269.2,0.1,484.56
OI00010,ORD00003,P0056,4,64.45,0.1,232.02
OI00011,ORD00003,P0057,1,259.5,0.0,259.5
OI00012,ORD00003,P0060,3,222.4,0.0,667.2
OI00013,ORD00004,P0056,1,64.45,0.0,64.45
OI00014,ORD00005,P0051,2,16.51,0.15,28.07
OI00015,ORD00005,P0004,1,25.49,0.0,25.49
OI00016,ORD00005,P0055,2,49.93,0.0,99.86
OI00017,ORD00005,P0007,3,177.14,0.0,531.42
OI00018,ORD00006,P0025,5,117.02,0.0,585.1
OI00019,ORD00007,P0021,1,36.81,0.0,36.81
OI00020,ORD00007,P0051,4,16.51,0.15,56.13
OI00021,ORD00007,P0045,1,214.4,0.15,182.24
OI00022,ORD00008,P0004,2,25.49,0.15,43.33
OI00023,ORD00008,P0054,5,117.19,0.0,585.95
OI00024,ORD00009,P0036,3,163.66,0.05,466.43
OI00025,ORD00009,P0032,3,189.95,0.15,484.37
OI00026,ORD00009,P0028,5,178.03,0.0,890.15
OI00027,ORD00009,P0010,3,99.31,0.1,268.14
OI00028,ORD00010,P0026,3,266.63,0.0,799.89
OI00029,ORD00010,P0017,3,28.31,0.05,80.68
OI00030,ORD00010,P0011,1,126.96,0.05,120.61
OI00031,ORD00010,P0049,5,126.91,0.15,539.37
OI00032,ORD00011,P0031,1,89.19,0.15,75.81
OI00033,ORD00011,P0054,2,117.19,0.0,234.38
OI00034,ORD00012,P0050,4,11.57,0.1,41.65
OI00035,ORD00012,P0032,3,189.95,0.1,512.86
OI00036,ORD00012,P0040,1,76.18,0.15,64.75
OI00037,ORD00013,P0058,5,184.34,0.1,829.53
OI00038,ORD00013,P0029,1,24.91,0.05,23.66
OI00039,ORD00014,P0050,5,11.57,0.1,52.07
OI00040,ORD00014,P0053,1,196.29,0.0,196.29
OI00041,ORD00014,P0022,1,19.3,0.1,17.37
OI00042,ORD00014,P0018,2,269.2,0.05,511.48
OI00043,ORD00015,P0018,3,269.2,0.05,767.22
OI00044,ORD00015,P0008,4,43.51,0.0,174.04
OI00045,ORD00015,P0044,1,191.46,0.05,181.89
OI00046,ORD00016,P0001,5,116.43,0.05,553.04
OI00047,ORD00016,P0010,2,99.31,0.0,198.62
OI00048,ORD00016,P0026,2,266.63,0.0,533.26
OI00049,ORD00017,P0020,3,164.66,0.0,493.98
OI00050,ORD00017,P0031,4,89.19,0.0,356.76
OI00051,ORD00018,P0048,1,189.24,0.1,170.32
OI00052,ORD00018,P0038,3,193.13,0.0,579.39
OI00053,ORD00018,P0049,5,126.91,0.05,602.82
OI00054,ORD00019,P0043,1,74.83,0.0,74.83
OI00055,ORD00019,P0041,5,223.53,0.0,1117.65
OI00056,ORD00019,P0027,3,271.32,0.05,773.26
OI00057,ORD00019,P0045,1,214.4,0.0,214.4
OI00058,ORD00020,P0004,2,25.49,0.1,45.88
OI00059,ORD00021,P0060,1,222.4,0.0,222.4
OI00060,ORD00021,P0002,5,188.83,0.0,944.15
OI00061,ORD00021,P0038,1,193.13,0.0,193.13
OI00062,ORD00021,P0033,2,75.79,0.0,151.58
OI00063,ORD00022,P0051,5,16.51,0.1,74.3
OI00064,ORD00022,P0058,2,184.34,0.0,368.68
OI00065,ORD00023,P0029,5,24.91,0.05,118.32
OI00066,ORD00023,P0011,1,126.96,0.15,107.92
OI00067,ORD00023,P0039,1,152.53,0.0,152.53
OI00068,ORD00024,P0031,5,89.19,0.0,445.95
OI00069,ORD00024,P0055,4,49.93,0.0,199.72
OI00070,ORD00024,P0023,3,74.28,0.0,222.84
OI00071,ORD00025,P0012,1,72.21,0.1,64.99
OI00072,ORD00025,P0041,3,223.53,0.0,670.59
OI00073,ORD00025,P0010,1,99.31,0.0,99.31
OI00074,ORD00025,P0048,1,189.24,0.0,189.24
OI00075,ORD00026,P0026,3,266.63,0.15,679.91
OI00076,ORD00026,P0021,2,36.81,0.15,62.58
OI00077,ORD00026,P0012,5,72.21,0.1,324.94
OI00078,ORD00026,P0051,1,16.51,0.0,16.51
OI00079,ORD00027,P0030,1,17.27,0.05,16.41
OI00080,ORD00027,P0048,3,189.24,0.05,539.33
OI00081,ORD00028,P0005,1,164.14,0.15,139.52
OI00082,ORD00028,P0010,5,99.31,0.15,422.07
OI00083,ORD00028,P0039,2,152.53,0.05,289.81
OI00084,ORD00028,P0045,2,214.4,0.15,364.48
OI00085,ORD00029,P0033,1,75.79,0.0,75.79
OI00086,ORD00029,P0052,4,82.52,0.0,330.08
OI00087,ORD00029,P0042,5,68.75,0.0,343.75
OI00088,ORD00029,P0017,5,28.31,0.0,141.55
OI00089,ORD00030,P0001,4,116.43,0.1,419.15
OI00090,ORD00030,P0021,1,36.81,0.0,36.81
OI00091,ORD00031,P0012,2,72.21,0.0,144.42
OI00092,ORD00031,P0024,3,82.33,0.1,222.29
OI00093,ORD00032,P0009,5,80.73,0.0,403.65
OI00094,ORD00032,P0060,4,222.4,0.0,889.6
OI00095,ORD00033,P0046,2,39.88,0.1,71.78
OI00096,ORD00034,P0004,1,25.49,0.0,25.49
OI00097,ORD00034,P0029,5,24.91,0.0,124.55
OI00098,ORD00034,P0013,5,130.8,0.0,654.0
OI00099,ORD00034,P0021,5,36.81,0.05,174.85
OI00100,ORD00035,P0034,4,47.09,0.1,169.52
OI00101,ORD00035,P0049,1,126.91,0.15,107.87
OI00102,ORD00036,P0009,1,80.73,0.05,76.69
OI00103,ORD00037,P0016,1,128.27,0.0,128.27
OI00104,ORD00038,P0039,5,152.53,0.0,762.65
OI00105,ORD00039,P0060,3,222.4,0.15,567.12
OI00106,ORD00039,P0047,1,192.68,0.05,183.05
OI00107,ORD00040,P0030,2,17.27,0.15,29.36
OI00108,ORD00040,P0018,1,269.2,0.05,255.74
OI00109,ORD00041,P0041,4,223.53,0.05,849.41
OI00110,ORD00041,P0005,1,164.14,0.0,164.14
OI00111,ORD00042,P0005,2,164.14,0.1,295.45
OI00112,ORD00042,P0003,4,37.76,0.05,143.49
OI00113,ORD00042,P0001,5,116.43,0.0,582.15
OI00114,ORD00042,P0043,5,74.83,0.0,374.15
OI00115,ORD00043,P0043,5,74.83,0.0,374.15
OI00116,ORD00043,P0054,1,117.19,0.15,99.61
OI00117,ORD00044,P0046,3,39.88,0.0,119.64
OI00118,ORD00044,P0002,4,188.83,0.0,755.32
OI00119,ORD00044,P0034,1,47.09,0.1,42.38
OI00120,ORD00044,P0052,2,82.52,0.15,140.28
OI00121,ORD00045,P0051,4,16.51,0.0,66.04
OI00122,ORD00045,P0032,2,189.95,0.1,341.91
OI00123,ORD00045,P0023,3,74.28,0.1,200.56
OI00124,ORD00046,P0029,1,24.91,0.1,22.42
OI00125,ORD00046,P0040,2,76.18,0.0,152.36
OI00126,ORD00046,P0019,1,65.06,0.15,55.3
OI00127,ORD00046,P0041,2,223.53,0.1,402.35
OI00128,ORD00047,P0009,2,80.73,0.15,137.24
OI00129,ORD00048,P0025,5,117.02,0.0,585.1
OI00130,ORD00048,P0027,4,271.32,0.15,922.49
OI00131,ORD00048,P0022,2,19.3,0.0,38.6
OI00132,ORD00049,P0012,5,72.21,0.15,306.89
OI00133,ORD00049,P0039,3,152.53,0.15,388.95
OI00134,ORD00049,P0033,3,75.79,0.0,227.37
OI00135,ORD00050,P0029,5,24.91,0.0,124.55
OI00136,ORD00050,P0018,1,269.2,0.0,269.2
OI00137,ORD00050,P0017,5,28.31,0.05,134.47
OI00138,ORD00051,P0002,2,188.83,0.15,321.01
OI00139,ORD00051,P0011,2,126.96,0.05,241.22
OI00140,ORD00051,P0045,4,214.4,0.05,814.72
OI00141,ORD00051,P0051,2,16.51,0.0,33.02
OI00142,ORD00052,P0047,5,192.68,0.0,963.4
OI00143,ORD00052,P0054,2,117.19,0.05,222.66
OI00144,ORD00052,P0050,4,11.57,0.05,43.97
OI00145,ORD00052,P0054,5,117.19,0.1,527.36
OI00146,ORD00053,P0018,4,269.2,0.05,1022.96
OI00147,ORD00053,P0040,3,76.18,0.0,228.54
OI00148,ORD00053,P0008,3,43.51,0.05,124.0
OI00149,ORD00053,P0037,3,10.8,0.15,27.54
OI00150,ORD00054,P0038,4,193.13,0.0,772.52
OI00151,ORD00054,P0021,5,36.81,0.0,184.05
OI00152,ORD00054,P0041,2,223.53,0.1,402.35
OI00153,ORD00055,P0026,2,266.63,0.15,453.27
OI00154,ORD00055,P0059,3,168.92,0.0,506.76
OI00155,ORD00056,P0025,4,117.02,0.0,468.08
OI00156,ORD00056,P0016,5,128.27,0.15,545.15
OI00157,ORD00056,P0009,3,80.73,0.05,230.08
OI00158,ORD00057,P0005,4,164.14,0.1,590.9
OI00159,ORD00058,P0028,4,178.03,0.1,640.91
OI00160,ORD00058,P0042,4,68.75,0.0,275.0
OI00161,ORD00058,P0045,1,214.4,0.05,203.68
OI00162,ORD00058,P0046,5,39.88,0.0,199.4
OI00163,ORD00059,P0055,2,49.93,0.1,89.87
OI00164,ORD00059,P0033,1,75.79,0.15,64.42
OI00165,ORD00060,P0055,1,49.93,0.0,49.93
OI00166,ORD00060,P0060,5,222.4,0.15,945.2
OI00167,ORD00060,P0010,3,99.31,0.15,253.24
OI00168,ORD00060,P0006,2,15.78,0.0,31.56
OI00169,ORD00061,P0059,5,168.92,0.15,717.91
OI00170,ORD00062,P0046,2,39.88,0.05,75.77
OI00171,ORD00062,P0044,1,191.46,0.05,181.89
OI00172,ORD00063,P0053,3,196.29,0.0,588.87
OI00173,ORD00063,P0028,4,178.03,0.0,712.12
OI00174,ORD00063,P0056,5,64.45,0.05,306.14
OI00175,ORD00063,P0004,2,25.49,0.0,50.98
OI00176,ORD00064,P0016,1,128.27,0.0,128.27
OI00177,ORD00064,P0042,5,68.75,0.0,343.75
OI00178,ORD00064,P0027,1,271.32,0.15,230.62
OI00179,ORD00064,P0019,5,65.06,0.15,276.5
OI00180,ORD00065,P0007,3,177.14,0.1,478.28
OI00181,ORD00066,P0003,1,37.76,0.15,32.1
OI00182,ORD00066,P0057,4,259.5,0.05,986.1
OI00183,ORD00066,P0029,5,24.91,0.1,112.1
OI00184,ORD00067,P0032,4,189.95,0.0,759.8
OI00185,ORD00068,P0034,2,47.09,0.0,94.18
OI00186,ORD00069,P0049,3,126.91,0.15,323.62
OI00187,ORD00069,P0040,4,76.18,0.15,259.01
OI00188,ORD00069,P0032,5,189.95,0.1,854.78
OI00189,ORD00070,P0013,1,130.8,0.05,124.26
OI00190,ORD00070,P0046,4,39.88,0.0,159.52
OI00191,ORD00070,P0023,4,74.28,0.15,252.55
OI00192,ORD00071,P0013,5,130.8,0.05,621.3
OI00193,ORD00072,P0057,3,259.5,0.1,700.65
OI00194,ORD00072,P0012,2,72.21,0.15,122.76
OI00195,ORD00072,P0001,5,116.43,0.05,553.04
OI00196,ORD00072,P0053,1,196.29,0.05,186.48
OI00197,ORD00073,P0024,5,82.33,0.05,391.07
OI00198,ORD00073,P0033,4,75.79,0.05,288.0
OI00199,ORD00073,P0019,5,65.06,0.0,325.3
OI00200,ORD00074,P0037,2,10.8,0.05,20.52
OI00201,ORD00074,P0046,3,39.88,0.1,107.68
OI00202,ORD00074,P0036,2,163.66,0.1,294.59
OI00203,ORD00074,P0011,1,126.96,0.1,114.26
OI00204,ORD00075,P0032,2,189.95,0.1,341.91
OI00205,ORD00075,P0019,4,65.06,0.0,260.24
OI00206,ORD00076,P0028,2,178.03,0.0,356.06
OI00207,ORD00076,P0013,4,130.8,0.0,523.2
OI00208,ORD00076,P0051,5,16.51,0.15,70.17
OI00209,ORD00077,P0054,5,117.19,0.0,585.95
OI00210,ORD00077,P0034,5,47.09,0.15,200.13
OI00211,ORD00077,P0005,4,164.14,0.0,656.56
OI00212,ORD00078,P0017,2,28.31,0.1,50.96
OI00213,ORD00079,P0021,1,36.81,0.15,31.29
OI00214,ORD00079,P0027,3,271.32,0.0,813.96
OI00215,ORD00079,P0014,5,55.53,0.05,263.77
OI00216,ORD00079,P0038,3,193.13,0.15,492.48
OI00217,ORD00080,P0032,1,189.95,0.15,161.46
OI00218,ORD00081,P0028,4,178.03,0.0,712.12
OI00219,ORD00081,P0028,2,178.03,0.0,356.06
OI00220,ORD00082,P0049,5,126.91,0.1,571.1
OI00221,ORD00082,P0045,3,214.4,0.0,643.2
OI00222,ORD00082,P0015,3,116.79,0.1,315.33
OI00223,ORD00083,P0025,4,117.02,0.15,397.87
OI00224,ORD00083,P0002,5,188.83,0.0,944.15
OI00225,ORD00083,P0011,1,126.96,0.05,120.61
OI00226,ORD00083,P0018,4,269.2,0.0,1076.8
OI00227,ORD00084,P0031,4,89.19,0.15,303.25
OI00228,ORD00084,P0001,4,116.43,0.15,395.86
OI00229,ORD00084,P0005,5,164.14,0.0,820.7
OI00230,ORD00085,P0026,3,266.63,0.1,719.9
OI00231,ORD00085,P0003,2,37.76,0.0,75.52
OI00232,ORD00086,P0015,5,116.79,0.0,583.95
OI00233,ORD00086,P0020,1,164.66,0.0,164.66
OI00234,ORD00086,P0022,3,19.3,0.15,49.22
OI00235,ORD00086,P0006,2,15.78,0.1,28.4
OI00236,ORD00087,P0007,5,177.14,0.05,841.41
OI00237,ORD00087,P0058,5,184.34,0.1,829.53
OI00238,ORD00087,P0021,2,36.81,0.15,62.58
OI00239,ORD00087,P0015,2,116.79,0.0,233.58
OI00240,ORD00088,P0027,3,271.32,0.0,813.96
OI00241,ORD00088,P0023,3,74.28,0.1,200.56
OI00242,ORD00088,P0048,5,189.24,0.0,946.2
OI00243,ORD00089,P0049,1,126.91,0.0,126.91
OI00244,ORD00089,P0045,3,214.4,0.0,643.2
OI00245,ORD00090,P0030,5,17.27,0.0,86.35
OI00246,ORD00090,P0015,3,116.79,0.05,332.85
OI00247,ORD00091,P0011,3,126.96,0.1,342.79
OI00248,ORD00091,P0003,2,37.76,0.05,71.74
OI00249,ORD00092,P0059,2,168.92,0.0,337.84
OI00250,ORD00092,P0050,5,11.57,0.0,57.85
OI00251,ORD00092,P0033,3,75.79,0.1,204.63
OI00252,ORD00093,P0057,4,259.5,0.0,1038.0
OI00253,ORD00094,P0006,1,15.78,0.0,15.78
OI00254,ORD00094,P0054,2,117.19,0.1,210.94
OI00255,ORD00095,P0008,4,43.51,0.0,174.04
OI00256,ORD00096,P0007,5,177.14,0.1,797.13
OI00257,ORD00096,P0002,4,188.83,0.15,642.02
OI00258,ORD00096,P0015,4,116.79,0.0,467.16
OI00259,ORD00097,P0010,1,99.31,0.1,89.38
OI00260,ORD00098,P0005,2,164.14,0.0,328.28
OI00261,ORD00099,P0009,3,80.73,0.0,242.19
OI00262,ORD00100,P0047,1,192.68,0.0,192.68
OI00263,ORD00100,P0032,5,189.95,0.15,807.29
OI00264,ORD00101,P0031,3,89.19,0.0,267.57
OI00265,ORD00101,P0037,5,10.8,0.15,45.9
OI00266,ORD00101,P0052,5,82.52,0.1,371.34
OI00267,ORD00101,P0040,1,76.18,0.0,76.18
OI00268,ORD00102,P0056,3,64.45,0.0,193.35
OI00269,ORD00102,P0012,3,72.21,0.1,194.97
OI00270,ORD00102,P0056,4,64.45,0.15,219.13
OI00271,ORD00102,P0016,3,128.27,0.0,384.81
OI00272,ORD00103,P0044,4,191.46,0.0,765.84
OI00273,ORD00103,P0009,1,80.73,0.05,76.69
OI00274,ORD00103,P0041,3,223.53,0.0,670.59
OI00275,ORD00103,P0050,5,11.57,0.15,49.17
OI00276,ORD00104,P0025,4,117.02,0.0,468.08
OI00277,ORD00104,P0018,2,269.2,0.05,511.48
OI00278,ORD00104,P0040,4,76.18,0.1,274.25
OI00279,ORD00105,P0041,5,223.53,0.15,950.0
OI00280,ORD00105,P0031,2,89.19,0.0,178.38
OI00281,ORD00106,P0037,4,10.8,0.15,36.72
OI00282,ORD00106,P0010,1,99.31,0.0,99.31
OI00283,ORD00107,P0029,5,24.91,0.0,124.55
OI00284,ORD00107,P0028,4,178.03,0.0,712.12
OI00285,ORD00107,P0041,5,223.53,0.0,1117.65
OI00286,ORD00107,P0004,5,25.49,0.05,121.08
OI00287,ORD00108,P0042,3,68.75,0.05,195.94
OI00288,ORD00109,P0037,1,10.8,0.15,9.18
OI00289,ORD00109,P0015,3,116.79,0.05,332.85
OI00290,ORD00110,P0040,2,76.18,0.1,137.12
OI00291,ORD00110,P0003,1,37.76,0.0,37.76
OI00292,ORD00111,P0051,2,16.51,0.0,33.02
OI00293,ORD00112,P0056,1,64.45,0.05,61.23
OI00294,ORD00112,P0044,2,191.46,0.0,382.92
OI00295,ORD00112,P0016,2,128.27,0.1,230.89
OI00296,ORD00113,P0023,5,74.28,0.0,371.4
OI00297,ORD00113,P0017,4,28.31,0.05,107.58
OI00298,ORD00114,P0058,3,184.34,0.15,470.07
OI00299,ORD00114,P0008,2,43.51,0.0,87.02
OI00300,ORD00114,P0039,4,152.53,0.1,549.11
OI00301,ORD00115,P0055,2,49.93,0.0,99.86
OI00302,ORD00115,P0057,4,259.5,0.0,1038.0
OI00303,ORD00115,P0024,1,82.33,0.05,78.21
OI00304,ORD00115,P0023,1,74.28,0.0,74.28
OI00305,ORD00116,P0057,1,259.5,0.1,233.55
OI00306,ORD00116,P0003,5,37.76,0.0,188.8
OI00307,ORD00117,P0060,2,222.4,0.1,400.32
OI00308,ORD00117,P0040,4,76.18,0.1,274.25
OI00309,ORD00117,P0005,5,164.14,0.0,820.7
OI00310,ORD00117,P0048,4,189.24,0.0,756.96
OI00311,ORD00118,P0055,3,49.93,0.0,149.79
OI00312,ORD00119,P0057,1,259.5,0.0,259.5
OI00313,ORD00119,P0031,4,89.19,0.0,356.76
OI00314,ORD00119,P0050,2,11.57,0.0,23.14
OI00315,ORD00120,P0018,4,269.2,0.15,915.28
OI00316,ORD00120,P0039,5,152.53,0.0,762.65
OI00317,ORD00120,P0035,2,31.46,0.0,62.92
OI00318,ORD00121,P0048,4,189.24,0.0,756.96
OI00319,ORD00122,P0050,4,11.57,0.05,43.97
OI00320,ORD00122,P0036,4,163.66,0.0,654.64
OI00321,ORD00123,P0022,4,19.3,0.05,73.34
OI00322,ORD00124,P0014,3,55.53,0.1,149.93
OI00323,ORD00124,P0021,2,36.81,0.0,73.62
OI00324,ORD00124,P0010,2,99.31,0.0,198.62
OI00325,ORD00125,P0003,2,37.76,0.1,67.97
OI00326,ORD00125,P0013,1,130.8,0.1,117.72
OI00327,ORD00126,P0024,1,82.33,0.0,82.33
OI00328,ORD00127,P0053,5,196.29,0.15,834.23
OI00329,ORD00128,P0016,1,128.27,0.0,128.27
OI00330,ORD00128,P0053,3,196.29,0.0,588.87
OI00331,ORD00129,P0016,4,128.27,0.0,513.08
OI00332,ORD00130,P0001,5,116.43,0.0,582.15
OI00333,ORD00130,P0006,5,15.78,0.05,74.95
OI00334,ORD00130,P0042,2,68.75,0.0,137.5
OI00335,ORD00131,P0031,2,89.19,0.0,178.38
OI00336,ORD00131,P0030,2,17.27,0.05,32.81
OI00337,ORD00131,P0013,5,130.8,0.0,654.0
OI00338,ORD00132,P0051,4,16.51,0.0,66.04
OI00339,ORD00132,P0023,5,74.28,0.15,315.69
OI00340,ORD00132,P0052,2,82.52,0.0,165.04
OI00341,ORD00133,P0010,4,99.31,0.05,377.38
OI00342,ORD00133,P0005,1,164.14,0.15,139.52
OI00343,ORD00134,P0054,2,117.19,0.05,222.66
OI00344,ORD00134,P0036,4,163.66,0.0,654.64
OI00345,ORD00134,P0034,5,47.09,0.0,235.45
OI00346,ORD00135,P0010,3,99.31,0.0,297.93
OI00347,ORD00135,P0013,3,130.8,0.05,372.78
OI00348,ORD00135,P0006,5,15.78,0.15,67.06
OI00349,ORD00136,P0052,4,82.52,0.0,330.08
OI00350,ORD00137,P0055,1,49.93,0.15,42.44
OI00351,ORD00137,P0027,2,271.32,0.1,488.38
OI00352,ORD00137,P0046,1,39.88,0.0,39.88
OI00353,ORD00138,P0006,3,15.78,0.0,47.34
OI00354,ORD00138,P0034,5,47.09,0.15,200.13
OI00355,ORD00138,P0048,1,189.24,0.1,170.32
OI00356,ORD00139,P0004,4,25.49,0.05,96.86
OI00357,ORD00139,P0021,5,36.81,0.05,174.85
OI00358,ORD00139,P0012,4,72.21,0.0,288.84
OI00359,ORD00139,P0051,2,16.51,0.15,28.07
OI00360,ORD00140,P0048,4,189.24,0.1,681.26
OI00361,ORD00140,P0021,3,36.81,0.1,99.39
OI00362,ORD00141,P0036,5,163.66,0.15,695.56
OI00363,ORD00141,P0036,5,163.66,0.0,818.3
OI00364,ORD00141,P0005,4,164.14,0.0,656.56
OI00365,ORD00142,P0007,4,177.14,0.1,637.7
OI00366,ORD00143,P0044,1,191.46,0.15,162.74
OI00367,ORD00143,P0046,3,39.88,0.1,107.68
OI00368,ORD00143,P0022,3,19.3,0.05,55.0
OI00369,ORD00144,P0021,3,36.81,0.0,110.43
OI00370,ORD00144,P0040,1,76.18,0.05,72.37
OI00371,ORD00145,P0003,2,37.76,0.1,67.97
OI00372,ORD00146,P0045,5,214.4,0.15,911.2
OI00373,ORD00146,P0008,4,43.51,0.0,174.04
OI00374,ORD00146,P0032,2,189.95,0.05,360.9
OI00375,ORD00146,P0028,5,178.03,0.0,890.15
OI00376,ORD00147,P0026,2,266.63,0.15,453.27
OI00377,ORD00147,P0026,1,266.63,0.0,266.63
OI00378,ORD00147,P0005,1,164.14,0.0,164.14
OI00379,ORD00147,P0004,2,25.49,0.1,45.88
OI00380,ORD00148,P0009,4,80.73,0.15,274.48
OI00381,ORD00148,P0014,4,55.53,0.1,199.91
OI00382,ORD00148,P0009,4,80.73,0.1,290.63
OI00383,ORD00149,P0041,4,223.53,0.05,849.41
OI00384,ORD00150,P0024,3,82.33,0.0,246.99
OI00385,ORD00151,P0016,4,128.27,0.05,487.43
OI00386,ORD00151,P0008,4,43.51,0.1,156.64
OI00387,ORD00151,P0007,1,177.14,0.15,150.57
OI00388,ORD00151,P0040,3,76.18,0.15,194.26
OI00389,ORD00152,P0053,1,196.29,0.15,166.85
OI00390,ORD00152,P0041,3,223.53,0.15,570.0
OI00391,ORD00152,P0060,5,222.4,0.0,1112.0
OI00392,ORD00152,P0038,5,193.13,0.15,820.8
OI00393,ORD00153,P0048,1,189.24,0.15,160.85
OI00394,ORD00153,P0006,2,15.78,0.0,31.56
OI00395,ORD00153,P0053,4,196.29,0.1,706.64
OI00396,ORD00153,P0042,2,68.75,0.1,123.75
OI00397,ORD00154,P0039,5,152.53,0.0,762.65
OI00398,ORD00154,P0009,5,80.73,0.05,383.47
OI00399,ORD00154,P0005,5,164.14,0.15,697.59
OI00400,ORD00155,P0044,1,191.46,0.15,162.74
OI00401,ORD00155,P0036,5,163.66,0.0,818.3
OI00402,ORD00155,P0044,5,191.46,0.05,909.44
OI00403,ORD00155,P0006,2,15.78,0.05,29.98
OI00404,ORD00156,P0055,2,49.93,0.1,89.87
OI00405,ORD00156,P0045,2,214.4,0.05,407.36
OI00406,ORD00157,P0005,1,164.14,0.05,155.93
OI00407,ORD00158,P0037,3,10.8,0.0,32.4
OI00408,ORD00158,P0048,3,189.24,0.0,567.72
OI00409,ORD00159,P0011,4,126.96,0.15,431.66
OI00410,ORD00159,P0049,1,126.91,0.0,126.91
OI00411,ORD00159,P0034,2,47.09,0.0,94.18
OI00412,ORD00160,P0036,3,163.66,0.0,490.98
OI00413,ORD00160,P0054,3,117.19,0.1,316.41
OI00414,ORD00160,P0015,1,116.79,0.15,99.27
OI00415,ORD00161,P0005,3,164.14,0.05,467.8
OI00416,ORD00161,P0040,5,76.18,0.15,323.77
OI00417,ORD00162,P0053,5,196.29,0.05,932.38
OI00418,ORD00162,P0060,3,222.4,0.1,600.48
OI00419,ORD00162,P0006,2,15.78,0.15,26.83
OI00420,ORD00162,P0058,1,184.34,0.1,165.91
OI00421,ORD00163,P0010,4,99.31,0.0,397.24
OI00422,ORD00164,P0034,5,47.09,0.0,235.45
OI00423,ORD00164,P0021,4,36.81,0.1,132.52
OI00424,ORD00165,P0039,1,152.53,0.15,129.65
OI00425,ORD00165,P0034,2,47.09,0.05,89.47
OI00426,ORD00165,P0029,4,24.91,0.0,99.64
OI00427,ORD00166,P0026,1,266.63,0.15,226.64
OI00428,ORD00167,P0023,3,74.28,0.1,200.56
OI00429,ORD00167,P0029,3,24.91,0.15,63.52
OI00430,ORD00168,P0009,2,80.73,0.0,161.46
OI00431,ORD00168,P0010,1,99.31,0.0,99.31
OI00432,ORD00168,P0034,5,47.09,0.0,235.45
OI00433,ORD00168,P0021,3,36.81,0.0,110.43
OI00434,ORD00169,P0052,1,82.52,0.15,70.14
OI00435,ORD00170,P0011,2,126.96,0.15,215.83
OI00436,ORD00170,P0030,3,17.27,0.1,46.63
OI00437,ORD00171,P0026,4,266.63,0.15,906.54
OI00438,ORD00171,P0019,4,65.06,0.0,260.24
OI00439,ORD00172,P0013,1,130.8,0.0,130.8
OI00440,ORD00172,P0004,2,25.49,0.15,43.33
OI00441,ORD00173,P0043,4,74.83,0.15,254.42
OI00442,ORD00174,P0055,3,49.93,0.0,149.79
OI00443,ORD00174,P0058,3,184.34,0.05,525.37
OI00444,ORD00174,P0052,4,82.52,0.1,297.07
OI00445,ORD00175,P0019,5,65.06,0.0,325.3
OI00446,ORD00176,P0011,4,126.96,0.15,431.66
OI00447,ORD00176,P0001,4,116.43,0.05,442.43
OI00448,ORD00176,P0034,2,47.09,0.15,80.05
OI00449,ORD00177,P0058,4,184.34,0.0,737.36
OI00450,ORD00178,P0038,3,193.13,0.15,492.48
OI00451,ORD00178,P0033,5,75.79,0.15,322.11
OI00452,ORD00178,P0058,5,184.34,0.0,921.7
OI00453,ORD00178,P0015,5,116.79,0.05,554.75
OI00454,ORD00179,P0041,5,223.53,0.15,950.0
OI00455,ORD00180,P0047,3,192.68,0.0,578.04
OI00456,ORD00181,P0002,3,188.83,0.05,538.17
OI00457,ORD00181,P0011,2,126.96,0.0,253.92
OI00458,ORD00181,P0023,1,74.28,0.0,74.28
OI00459,ORD00181,P0020,1,164.66,0.1,148.19
OI00460,ORD00182,P0042,5,68.75,0.05,326.56
OI00461,ORD00182,P0041,4,223.53,0.15,760.0
OI00462,ORD00182,P0014,3,55.53,0.05,158.26
OI00463,ORD00183,P0024,5,82.33,0.0,411.65
OI00464,ORD00184,P0001,3,116.43,0.15,296.9
OI00465,ORD00184,P0035,3,31.46,0.0,94.38
OI00466,ORD00184,P0054,1,117.19,0.1,105.47
OI00467,ORD00185,P0032,3,189.95,0.0,569.85
OI00468,ORD00185,P0032,5,189.95,0.0,949.75
OI00469,ORD00185,P0044,5,191.46,0.15,813.7
OI00470,ORD00185,P0024,3,82.33,0.1,222.29
OI00471,ORD00186,P0048,4,189.24,0.05,719.11
OI00472,ORD00186,P0021,1,36.81,0.0,36.81
OI00473,ORD00186,P0017,3,28.31,0.05,80.68
OI00474,ORD00186,P0009,5,80.73,0.1,363.28
OI00475,ORD00187,P0036,1,163.66,0.0,163.66
OI00476,ORD00187,P0046,2,39.88,0.05,75.77
OI00477,ORD00187,P0035,2,31.46,0.05,59.77
OI00478,ORD00187,P0038,2,193.13,0.1,347.63
OI00479,ORD00188,P0031,3,89.19,0.05,254.19
OI00480,ORD00188,P0040,2,76.18,0.0,152.36
OI00481,ORD00188,P0006,4,15.78,0.05,59.96
OI00482,ORD00189,P0036,5,163.66,0.0,818.3
OI00483,ORD00189,P0055,5,49.93,0.05,237.17
OI00484,ORD00189,P0020,2,164.66,0.0,329.32
OI00485,ORD00189,P0002,5,188.83,0.0,944.15
OI00486,ORD00190,P0048,1,189.24,0.05,179.78
OI00487,ORD00191,P0014,2,55.53,0.0,111.06
OI00488,ORD00191,P0024,4,82.33,0.0,329.32
OI00489,ORD00191,P0059,3,168.92,0.1,456.08
OI00490,ORD00192,P0038,5,193.13,0.0,965.65
OI00491,ORD00192,P0008,2,43.51,0.0,87.02
OI00492,ORD00192,P0056,4,64.45,0.05,244.91
OI00493,ORD00193,P0005,3,164.14,0.05,467.8
OI00494,ORD00193,P0015,5,116.79,0.05,554.75
OI00495,ORD00193,P0004,1,25.49,0.1,22.94
OI00496,ORD00194,P0036,2,163.66,0.05,310.95
OI00497,ORD00194,P0009,4,80.73,0.0,322.92
OI00498,ORD00194,P0014,4,55.53,0.1,199.91
OI00499,ORD00194,P0029,5,24.91,0.0,124.55
OI00500,ORD00195,P0048,5,189.24,0.0,946.2
OI00501,ORD00195,P0055,2,49.93,0.15,84.88
OI00502,ORD00195,P0042,1,68.75,0.1,61.88
OI00503,ORD00196,P0010,1,99.31,0.0,99.31
OI00504,ORD00196,P0034,3,47.09,0.0,141.27
OI00505,ORD00196,P0057,3,259.5,0.1,700.65
OI00506,ORD00197,P0032,5,189.95,0.1,854.78
OI00507,ORD00197,P0056,1,64.45,0.0,64.45
OI00508,ORD00198,P0008,1,43.51,0.0,43.51
OI00509,ORD00199,P0013,4,130.8,0.1,470.88
OI00510,ORD00200,P0049,5,126.91,0.05,602.82
OI00511,ORD00200,P0005,2,164.14,0.15,279.04
OI00512,ORD00200,P0049,2,126.91,0.15,215.75
OI00513,ORD00201,P0051,4,16.51,0.0,66.04
OI00514,ORD00201,P0025,1,117.02,0.0,117.02
OI00515,ORD00202,P0060,5,222.4,0.0,1112.0
OI00516,ORD00203,P0020,5,164.66,0.05,782.13
OI00517,ORD00203,P0010,3,99.31,0.0,297.93
OI00518,ORD00203,P0026,1,266.63,0.15,226.64
OI00519,ORD00203,P0019,2,65.06,0.05,123.61
OI00520,ORD00204,P0004,2,25.49,0.15,43.33
OI00521,ORD00204,P0044,3,191.46,0.15,488.22
OI00522,ORD00204,P0050,4,11.57,0.0,46.28
OI00523,ORD00205,P0036,3,163.66,0.0,490.98
OI00524,ORD00205,P0028,1,178.03,0.05,169.13
OI00525,ORD00205,P0030,4,17.27,0.0,69.08
OI00526,ORD00205,P0034,5,47.09,0.05,223.68
OI00527,ORD00206,P0029,2,24.91,0.0,49.82
OI00528,ORD00206,P0004,5,25.49,0.05,121.08
OI00529,ORD00206,P0019,1,65.06,0.05,61.81
OI00530,ORD00207,P0046,4,39.88,0.0,159.52
OI00531,ORD00207,P0012,5,72.21,0.15,306.89
OI00532,ORD00207,P0040,1,76.18,0.15,64.75
OI00533,ORD00208,P0008,2,43.51,0.1,78.32
OI00534,ORD00209,P0042,4,68.75,0.0,275.0
OI00535,ORD00210,P0038,3,193.13,0.1,521.45
OI00536,ORD00211,P0028,3,178.03,0.0,534.09
OI00537,ORD00211,P0007,2,177.14,0.15,301.14
OI00538,ORD00212,P0014,2,55.53,0.05,105.51
OI00539,ORD00213,P0020,3,164.66,0.05,469.28
OI00540,ORD00213,P0019,1,65.06,0.1,58.55
OI00541,ORD00214,P0041,2,223.53,0.05,424.71
OI00542,ORD00214,P0054,2,117.19,0.15,199.22
OI00543,ORD00214,P0038,2,193.13,0.0,386.26
OI00544,ORD00214,P0056,3,64.45,0.05,183.68
OI00545,ORD00215,P0039,4,152.53,0.0,610.12
OI00546,ORD00215,P0033,1,75.79,0.0,75.79
OI00547,ORD00216,P0044,5,191.46,0.15,813.7
OI00548,ORD00216,P0013,2,130.8,0.1,235.44
OI00549,ORD00216,P0048,4,189.24,0.1,681.26
OI00550,ORD00216,P0016,5,128.27,0.0,641.35
OI00551,ORD00217,P0052,5,82.52,0.1,371.34
OI00552,ORD00217,P0015,2,116.79,0.05,221.9
OI00553,ORD00218,P0055,2,49.93,0.0,99.86
OI00554,ORD00218,P0020,4,164.66,0.15,559.84
OI00555,ORD00219,P0026,2,266.63,0.05,506.6
OI00556,ORD00219,P0036,2,163.66,0.15,278.22
OI00557,ORD00219,P0004,4,25.49,0.15,86.67
OI00558,ORD00220,P0043,3,74.83,0.0,224.49
OI00559,ORD00221,P0008,3,43.51,0.15,110.95
OI00560,ORD00222,P0007,1,177.14,0.1,159.43
OI00561,ORD00223,P0029,3,24.91,0.0,74.73
OI00562,ORD00223,P0019,4,65.06,0.0,260.24
OI00563,ORD00223,P0045,1,214.4,0.1,192.96
OI00564,ORD00223,P0012,3,72.21,0.0,216.63
OI00565,ORD00224,P0037,4,10.8,0.15,36.72
OI00566,ORD00224,P0006,2,15.78,0.15,26.83
OI00567,ORD00224,P0009,3,80.73,0.0,242.19
OI00568,ORD00225,P0027,5,271.32,0.0,1356.6
OI00569,ORD00225,P0019,5,65.06,0.15,276.5
OI00570,ORD00225,P0037,5,10.8,0.15,45.9
OI00571,ORD00226,P0019,5,65.06,0.0,325.3
OI00572,ORD00226,P0014,1,55.53,0.0,55.53
OI00573,ORD00226,P0002,4,188.83,0.0,755.32
OI00574,ORD00226,P0030,4,17.27,0.15,58.72
OI00575,ORD00227,P0020,4,164.66,0.05,625.71
OI00576,ORD00228,P0040,2,76.18,0.15,129.51
OI00577,ORD00228,P0009,4,80.73,0.0,322.92
OI00578,ORD00228,P0004,1,25.49,0.0,25.49
OI00579,ORD00228,P0014,2,55.53,0.05,105.51
OI00580,ORD00229,P0056,4,64.45,0.05,244.91
OI00581,ORD00229,P0048,3,189.24,0.0,567.72
OI00582,ORD00230,P0049,3,126.91,0.15,323.62
OI00583,ORD00231,P0009,2,80.73,0.05,153.39
OI00584,ORD00231,P0014,1,55.53,0.1,49.98
OI00585,ORD00231,P0051,5,16.51,0.1,74.3
OI00586,ORD00231,P0023,2,74.28,0.0,148.56
OI00587,ORD00232,P0049,4,126.91,0.0,507.64
OI00588,ORD00232,P0031,5,89.19,0.0,445.95
OI00589,ORD00233,P0049,4,126.91,0.0,507.64
OI00590,ORD00234,P0009,4,80.73,0.05,306.77
OI00591,ORD00234,P0053,2,196.29,0.0,392.58
OI00592,ORD00234,P0009,2,80.73,0.05,153.39
OI00593,ORD00234,P0032,5,189.95,0.1,854.78
OI00594,ORD00235,P0015,2,116.79,0.05,221.9
OI00595,ORD00235,P0043,5,74.83,0.0,374.15
OI00596,ORD00235,P0005,5,164.14,0.1,738.63
OI00597,ORD00236,P0008,5,43.51,0.15,184.92
OI00598,ORD00236,P0026,5,266.63,0.0,1333.15
OI00599,ORD00237,P0015,5,116.79,0.0,583.95
OI00600,ORD00237,P0010,4,99.31,0.0,397.24
OI00601,ORD00237,P0003,4,37.76,0.0,151.04
OI00602,ORD00237,P0002,5,188.83,0.15,802.53
OI00603,ORD00238,P0051,2,16.51,0.0,33.02
OI00604,ORD00238,P0018,3,269.2,0.0,807.6
OI00605,ORD00238,P0032,3,189.95,0.05,541.36
OI00606,ORD00238,P0014,1,55.53,0.0,55.53
OI00607,ORD00239,P0054,3,117.19,0.0,351.57
OI00608,ORD00240,P0004,4,25.49,0.0,101.96
OI00609,ORD00241,P0012,3,72.21,0.0,216.63
OI00610,ORD00241,P0035,5,31.46,0.15,133.71
OI00611,ORD00242,P0058,3,184.34,0.0,553.02
OI00612,ORD00243,P0015,3,116.79,0.0,350.37
OI00613,ORD00244,P0041,3,223.53,0.0,670.59
OI00614,ORD00244,P0010,5,99.31,0.0,496.55
OI00615,ORD00245,P0028,1,178.03,0.15,151.33
OI00616,ORD00245,P0023,5,74.28,0.0,371.4
OI00617,ORD00245,P0048,5,189.24,0.1,851.58
OI00618,ORD00245,P0001,2,116.43,0.1,209.57
OI00619,ORD00246,P0016,4,128.27,0.0,513.08
OI00620,ORD00246,P0050,1,11.57,0.0,11.57
OI00621,ORD00247,P0041,3,223.53,0.0,670.59
OI00622,ORD00247,P0006,3,15.78,0.0,47.34
OI00623,ORD00247,P0006,4,15.78,0.15,53.65
OI00624,ORD00248,P0053,2,196.29,0.05,372.95
OI00625,ORD00249,P0050,3,11.57,0.0,34.71
OI00626,ORD00249,P0060,2,222.4,0.15,378.08
OI00627,ORD00249,P0051,4,16.51,0.0,66.04
OI00628,ORD00249,P0007,5,177.14,0.1,797.13
OI00629,ORD00250,P0013,3,130.8,0.0,392.4
OI00630,ORD00251,P0003,2,37.76,0.05,71.74
OI00631,ORD00252,P0004,3,25.49,0.0,76.47
OI00632,ORD00253,P0047,4,192.68,0.15,655.11
OI00633,ORD00254,P0045,5,214.4,0.1,964.8
OI00634,ORD00254,P0033,2,75.79,0.0,151.58
OI00635,ORD00255,P0004,1,25.49,0.05,24.22
OI00636,ORD00255,P0054,4,117.19,0.1,421.88
OI00637,ORD00256,P0034,4,47.09,0.1,169.52
OI00638,ORD00257,P0056,4,64.45,0.1,232.02
OI00639,ORD00257,P0006,1,15.78,0.15,13.41
OI00640,ORD00257,P0035,2,31.46,0.0,62.92
OI00641,ORD00257,P0060,2,222.4,0.05,422.56
OI00642,ORD00258,P0050,3,11.57,0.1,31.24
OI00643,ORD00258,P0052,5,82.52,0.15,350.71
OI00644,ORD00259,P0018,3,269.2,0.1,726.84
OI00645,ORD00260,P0037,4,10.8,0.1,38.88
OI00646,ORD00260,P0031,5,89.19,0.0,445.95
OI00647,ORD00260,P0042,4,68.75,0.1,247.5
OI00648,ORD00260,P0009,4,80.73,0.15,274.48
OI00649,ORD00261,P0024,2,82.33,0.05,156.43
OI00650,ORD00261,P0030,3,17.27,0.1,46.63
OI00651,ORD00261,P0055,5,49.93,0.0,249.65
OI00652,ORD00261,P0040,5,76.18,0.0,380.9
OI00653,ORD00262,P0045,5,214.4,0.1,964.8
OI00654,ORD00262,P0006,5,15.78,0.0,78.9
OI00655,ORD00262,P0008,2,43.51,0.05,82.67
OI00656,ORD00263,P0046,3,39.88,0.1,107.68
OI00657,ORD00263,P0027,1,271.32,0.0,271.32
OI00658,ORD00263,P0003,1,37.76,0.05,35.87
OI00659,ORD00264,P0047,3,192.68,0.1,520.24
OI00660,ORD00265,P0039,5,152.53,0.05,724.52
OI00661,ORD00265,P0044,5,191.46,0.1,861.57
OI00662,ORD00266,P0057,2,259.5,0.0,519.0
OI00663,ORD00266,P0024,3,82.33,0.05,234.64
OI00664,ORD00266,P0034,5,47.09,0.0,235.45
OI00665,ORD00267,P0045,5,214.4,0.0,1072.0
OI00666,ORD00268,P0002,1,188.83,0.05,179.39
OI00667,ORD00268,P0049,2,126.91,0.05,241.13
OI00668,ORD00269,P0060,2,222.4,0.15,378.08
OI00669,ORD00269,P0036,1,163.66,0.1,147.29
OI00670,ORD00269,P0050,5,11.57,0.1,52.07
OI00671,ORD00270,P0046,5,39.88,0.0,199.4
OI00672,ORD00271,P0040,2,76.18,0.0,152.36
OI00673,ORD00271,P0046,5,39.88,0.15,169.49
OI00674,ORD00272,P0058,3,184.34,0.0,553.02
OI00675,ORD00273,P0008,5,43.51,0.0,217.55
OI00676,ORD00273,P0007,2,177.14,0.0,354.28
OI00677,ORD00274,P0025,1,117.02,0.0,117.02
OI00678,ORD00274,P0026,4,266.63,0.0,1066.52
OI00679,ORD00275,P0048,1,189.24,0.1,170.32
OI00680,ORD00276,P0033,3,75.79,0.05,216.0
OI00681,ORD00276,P0056,4,64.45,0.0,257.8
OI00682,ORD00276,P0050,4,11.57,0.1,41.65
OI00683,ORD00277,P0007,3,177.14,0.0,531.42
OI00684,ORD00277,P0025,3,117.02,0.1,315.95
OI00685,ORD00277,P0014,2,55.53,0.15,94.4
OI00686,ORD00277,P0011,2,126.96,0.0,253.92
OI00687,ORD00278,P0051,2,16.51,0.15,28.07
OI00688,ORD00279,P0026,2,266.63,0.0,533.26
OI00689,ORD00280,P0049,4,126.91,0.05,482.26
OI00690,ORD00280,P0044,5,191.46,0.0,957.3
OI00691,ORD00281,P0059,2,168.92,0.0,337.84
OI00692,ORD00282,P0019,4,65.06,0.0,260.24
OI00693,ORD00282,P0039,2,152.53,0.0,305.06
OI00694,ORD00282,P0001,1,116.43,0.05,110.61
OI00695,ORD00283,P0035,3,31.46,0.0,94.38
OI00696,ORD00283,P0050,2,11.57,0.15,19.67
OI00697,ORD00283,P0051,1,16.51,0.1,14.86
OI00698,ORD00283,P0033,2,75.79,0.0,151.58
OI00699,ORD00284,P0012,5,72.21,0.0,361.05
OI00700,ORD00284,P0046,4,39.88,0.0,159.52
OI00701,ORD00285,P0003,2,37.76,0.15,64.19
OI00702,ORD00285,P0053,2,196.29,0.05,372.95
OI00703,ORD00286,P0053,4,196.29,0.15,667.39
OI00704,ORD00287,P0014,1,55.53,0.15,47.2
OI00705,ORD00287,P0056,1,64.45,0.0,64.45
OI00706,ORD00287,P0024,4,82.33,0.0,329.32
OI00707,ORD00287,P0035,4,31.46,0.0,125.84
OI00708,ORD00288,P0017,1,28.31,0.15,24.06
OI00709,ORD00288,P0029,4,24.91,0.1,89.68
OI00710,ORD00288,P0052,5,82.52,0.05,391.97
OI00711,ORD00288,P0054,2,117.19,0.05,222.66
OI00712,ORD00289,P0005,2,164.14,0.1,295.45
OI00713,ORD00289,P0059,5,168.92,0.1,760.14
OI00714,ORD00290,P0005,2,164.14,0.05,311.87
OI00715,ORD00290,P0040,2,76.18,0.15,129.51
OI00716,ORD00290,P0039,1,152.53,0.15,129.65
OI00717,ORD00291,P0040,4,76.18,0.15,259.01
OI00718,ORD00291,P0060,5,222.4,0.0,1112.0
OI00719,ORD00291,P0016,1,128.27,0.05,121.86
OI00720,ORD00292,P0042,3,68.75,0.15,175.31
OI00721,ORD00293,P0029,3,24.91,0.0,74.73
OI00722,ORD00293,P0048,2,189.24,0.1,340.63
OI00723,ORD00293,P0033,5,75.79,0.1,341.06
OI00724,ORD00293,P0041,5,223.53,0.1,1005.89
OI00725,ORD00294,P0051,1,16.51,0.0,16.51
OI00726,ORD00294,P0022,4,19.3,0.0,77.2
OI00727,ORD00294,P0037,1,10.8,0.0,10.8
OI00728,ORD00295,P0001,5,116.43,0.1,523.94
OI00729,ORD00296,P0023,2,74.28,0.0,148.56
OI00730,ORD00297,P0045,3,214.4,0.05,611.04
OI00731,ORD00297,P0015,2,116.79,0.0,233.58
OI00732,ORD00297,P0058,2,184.34,0.0,368.68
OI00733,ORD00297,P0031,5,89.19,0.15,379.06
OI00734,ORD00298,P0055,2,49.93,0.15,84.88
OI00735,ORD00299,P0046,1,39.88,0.15,33.9
OI00736,ORD00299,P0011,5,126.96,0.05,603.06
OI00737,ORD00300,P0010,1,99.31,0.15,84.41
OI00738,ORD00301,P0043,5,74.83,0.1,336.74
OI00739,ORD00301,P0034,4,47.09,0.15,160.11
OI00740,ORD00301,P0010,3,99.31,0.0,297.93
OI00741,ORD00302,P0003,3,37.76,0.15,96.29
OI00742,ORD00302,P0038,3,193.13,0.0,579.39
OI00743,ORD00303,P0034,4,47.09,0.1,169.52
OI00744,ORD00303,P0023,3,74.28,0.0,222.84
OI00745,ORD00304,P0014,5,55.53,0.05,263.77
OI00746,ORD00304,P0002,5,188.83,0.05,896.94
OI00747,ORD00305,P0035,3,31.46,0.15,80.22
OI00748,ORD00306,P0022,3,19.3,0.0,57.9
OI00749,ORD00306,P0042,1,68.75,0.1,61.88
OI00750,ORD00306,P0031,5,89.19,0.0,445.95
OI00751,ORD00306,P0038,5,193.13,0.0,965.65
OI00752,ORD00307,P0054,2,117.19,0.0,234.38
OI00753,ORD00307,P0056,5,64.45,0.0,322.25
OI00754,ORD00307,P0009,4,80.73,0.0,322.92
OI00755,ORD00307,P0008,3,43.51,0.0,130.53
OI00756,ORD00308,P0025,1,117.02,0.0,117.02
OI00757,ORD00308,P0033,4,75.79,0.1,272.84
OI00758,ORD00308,P0041,3,223.53,0.0,670.59
OI00759,ORD00309,P0051,3,16.51,0.1,44.58
OI00760,ORD00310,P0031,2,89.19,0.15,151.62
OI00761,ORD00310,P0028,1,178.03,0.0,178.03
OI00762,ORD00311,P0017,3,28.31,0.15,72.19
OI00763,ORD00312,P0059,4,168.92,0.0,675.68
OI00764,ORD00312,P0016,4,128.27,0.1,461.77
OI00765,ORD00312,P0046,5,39.88,0.05,189.43
OI00766,ORD00313,P0010,2,99.31,0.0,198.62
OI00767,ORD00313,P0052,3,82.52,0.0,247.56
OI00768,ORD00314,P0012,5,72.21,0.1,324.94
OI00769,ORD00314,P0055,4,49.93,0.15,169.76
OI00770,ORD00314,P0060,4,222.4,0.1,800.64
OI00771,ORD00315,P0015,2,116.79,0.0,233.58
OI00772,ORD00316,P0035,5,31.46,0.1,141.57
OI00773,ORD00316,P0049,5,126.91,0.15,539.37
OI00774,ORD00316,P0043,3,74.83,0.0,224.49
OI00775,ORD00317,P0025,1,117.02,0.0,117.02
OI00776,ORD00317,P0015,4,116.79,0.1,420.44
OI00777,ORD00317,P0048,3,189.24,0.15,482.56
OI00778,ORD00318,P0060,2,222.4,0.1,400.32
OI00779,ORD00319,P0042,5,68.75,0.0,343.75
OI00780,ORD00319,P0013,2,130.8,0.15,222.36
OI00781,ORD00320,P0020,2,164.66,0.1,296.39
OI00782,ORD00320,P0009,2,80.73,0.0,161.46
OI00783,ORD00320,P0037,4,10.8,0.0,43.2
OI00784,ORD00320,P0051,3,16.51,0.05,47.05
OI00785,ORD00321,P0052,2,82.52,0.1,148.54
OI00786,ORD00321,P0013,3,130.8,0.1,353.16
OI00787,ORD00322,P0010,2,99.31,0.1,178.76
OI00788,ORD00323,P0057,2,259.5,0.0,519.0
OI00789,ORD00323,P0033,1,75.79,0.0,75.79
OI00790,ORD00324,P0056,4,64.45,0.05,244.91
OI00791,ORD00325,P0024,3,82.33,0.15,209.94
OI00792,ORD00325,P0018,3,269.2,0.0,807.6
OI00793,ORD00325,P0024,1,82.33,0.1,74.1
OI00794,ORD00326,P0019,4,65.06,0.1,234.22
OI00795,ORD00326,P0035,5,31.46,0.15,133.71
OI00796,ORD00327,P0048,2,189.24,0.0,378.48
OI00797,ORD00328,P0004,1,25.49,0.0,25.49
OI00798,ORD00328,P0040,3,76.18,0.1,205.69
OI00799,ORD00328,P0021,2,36.81,0.15,62.58
OI00800,ORD00328,P0052,4,82.52,0.0,330.08
OI00801,ORD00329,P0017,2,28.31,0.0,56.62
OI00802,ORD00329,P0051,3,16.51,0.0,49.53
OI00803,ORD00329,P0032,1,189.95,0.05,180.45
OI00804,ORD00329,P0060,5,222.4,0.1,1000.8
OI00805,ORD00330,P0024,4,82.33,0.05,312.85
OI00806,ORD00330,P0003,5,37.76,0.05,179.36
OI00807,ORD00330,P0033,5,75.79,0.05,360.0
OI00808,ORD00330,P0001,5,116.43,0.0,582.15
OI00809,ORD00331,P0030,2,17.27,0.15,29.36
OI00810,ORD00332,P0033,2,75.79,0.05,144.0
OI00811,ORD00332,P0014,5,55.53,0.1,249.88
OI00812,ORD00332,P0033,4,75.79,0.1,272.84
OI00813,ORD00332,P0001,3,116.43,0.0,349.29
OI00814,ORD00333,P0021,3,36.81,0.0,110.43
OI00815,ORD00333,P0009,5,80.73,0.0,403.65
OI00816,ORD00333,P0045,3,214.4,0.15,546.72
OI00817,ORD00334,P0040,3,76.18,0.05,217.11
OI00818,ORD00335,P0031,1,89.19,0.15,75.81
OI00819,ORD00335,P0033,5,75.79,0.1,341.06
OI00820,ORD00336,P0046,1,39.88,0.0,39.88
OI00821,ORD00337,P0059,1,168.92,0.05,160.47
OI00822,ORD00337,P0050,1,11.57,0.0,11.57
OI00823,ORD00337,P0029,2,24.91,0.0,49.82
OI00824,ORD00338,P0022,4,19.3,0.0,77.2
OI00825,ORD00338,P0047,2,192.68,0.1,346.82
OI00826,ORD00338,P0034,2,47.09,0.1,84.76
OI00827,ORD00338,P0026,3,266.63,0.1,719.9
OI00828,ORD00339,P0015,4,116.79,0.05,443.8
OI00829,ORD00339,P0033,5,75.79,0.0,378.95
OI00830,ORD00339,P0016,4,128.27,0.15,436.12
OI00831,ORD00340,P0005,4,164.14,0.0,656.56
OI00832,ORD00340,P0001,5,116.43,0.0,582.15
OI00833,ORD00340,P0042,4,68.75,0.15,233.75
OI00834,ORD00340,P0022,4,19.3,0.0,77.2
OI00835,ORD00341,P0040,4,76.18,0.1,274.25
OI00836,ORD00342,P0032,4,189.95,0.0,759.8
OI00837,ORD00342,P0058,2,184.34,0.05,350.25
OI00838,ORD00342,P0030,5,17.27,0.15,73.4
OI00839,ORD00342,P0009,4,80.73,0.1,290.63
OI00840,ORD00343,P0040,3,76.18,0.1,205.69
OI00841,ORD00343,P0016,4,128.27,0.05,487.43
OI00842,ORD00343,P0036,3,163.66,0.0,490.98
OI00843,ORD00344,P0038,2,193.13,0.05,366.95
OI00844,ORD00344,P0052,4,82.52,0.1,297.07
OI00845,ORD00344,P0042,1,68.75,0.05,65.31
OI00846,ORD00345,P0030,2,17.27,0.0,34.54
OI00847,ORD00345,P0016,2,128.27,0.0,256.54
OI00848,ORD00345,P0057,5,259.5,0.1,1167.75
OI00849,ORD00346,P0033,4,75.79,0.0,303.16
OI00850,ORD00346,P0042,3,68.75,0.05,195.94
OI00851,ORD00347,P0014,3,55.53,0.1,149.93
OI00852,ORD00347,P0046,5,39.88,0.15,169.49
OI00853,ORD00348,P0007,5,177.14,0.0,885.7
OI00854,ORD00348,P0028,4,178.03,0.0,712.12
OI00855,ORD00349,P0057,1,259.5,0.1,233.55
OI00856,ORD00349,P0024,3,82.33,0.0,246.99
OI00857,ORD00349,P0024,1,82.33,0.15,69.98
OI00858,ORD00350,P0018,2,269.2,0.05,511.48
OI00859,ORD00350,P0028,4,178.03,0.05,676.51
OI00860,ORD00350,P0029,5,24.91,0.1,112.1
OI00861,ORD00351,P0024,3,82.33,0.0,246.99
OI00862,ORD00351,P0024,5,82.33,0.0,411.65
OI00863,ORD00352,P0055,4,49.93,0.0,199.72
OI00864,ORD00353,P0025,1,117.02,0.05,111.17
OI00865,ORD00353,P0025,1,117.02,0.0,117.02
OI00866,ORD00353,P0022,4,19.3,0.15,65.62
OI00867,ORD00353,P0057,1,259.5,0.15,220.58
OI00868,ORD00354,P0019,2,65.06,0.0,130.12
OI00869,ORD00354,P0016,3,128.27,0.15,327.09
OI00870,ORD00354,P0002,1,188.83,0.15,160.51
OI00871,ORD00355,P0004,2,25.49,0.15,43.33
OI00872,ORD00355,P0040,4,76.18,0.1,274.25
OI00873,ORD00355,P0014,3,55.53,0.15,141.6
OI00874,ORD00356,P0028,2,178.03,0.05,338.26
OI00875,ORD00356,P0049,4,126.91,0.1,456.88
OI00876,ORD00356,P0037,5,10.8,0.1,48.6
OI00877,ORD00357,P0013,1,130.8,0.05,124.26
OI00878,ORD00358,P0041,4,223.53,0.1,804.71
OI00879,ORD00358,P0033,5,75.79,0.1,341.06
OI00880,ORD00359,P0042,4,68.75,0.15,233.75
OI00881,ORD00359,P0055,3,49.93,0.0,149.79
OI00882,ORD00359,P0050,5,11.57,0.0,57.85
OI00883,ORD00359,P0032,5,189.95,0.1,854.78
OI00884,ORD00360,P0009,1,80.73,0.15,68.62
OI00885,ORD00360,P0023,1,74.28,0.15,63.14
OI00886,ORD00360,P0047,1,192.68,0.1,173.41
OI00887,ORD00361,P0042,1,68.75,0.0,68.75
OI00888,ORD00362,P0005,4,164.14,0.05,623.73
OI00889,ORD00362,P0056,4,64.45,0.1,232.02
OI00890,ORD00362,P0014,3,55.53,0.05,158.26
OI00891,ORD00363,P0032,2,189.95,0.0,379.9
OI00892,ORD00363,P0058,1,184.34,0.0,184.34
OI00893,ORD00363,P0005,5,164.14,0.0,820.7
OI00894,ORD00364,P0057,5,259.5,0.05,1232.62
OI00895,ORD00364,P0007,4,177.14,0.1,637.7
OI00896,ORD00364,P0012,1,72.21,0.05,68.6
OI00897,ORD00364,P0046,1,39.88,0.15,33.9
OI00898,ORD00365,P0054,1,117.19,0.05,111.33
OI00899,ORD00365,P0010,3,99.31,0.0,297.93
OI00900,ORD00365,P0002,4,188.83,0.05,717.55
OI00901,ORD00366,P0058,2,184.34,0.1,331.81
OI00902,ORD00367,P0045,2,214.4,0.0,428.8
OI00903,ORD00367,P0024,1,82.33,0.1,74.1
OI00904,ORD00367,P0021,2,36.81,0.0,73.62
OI00905,ORD00367,P0056,2,64.45,0.05,122.46
OI00906,ORD00368,P0044,5,191.46,0.0,957.3
OI00907,ORD00368,P0041,4,223.53,0.0,894.12
OI00908,ORD00368,P0041,5,223.53,0.15,950.0
OI00909,ORD00369,P0033,4,75.79,0.15,257.69
OI00910,ORD00369,P0022,2,19.3,0.0,38.6
OI00911,ORD00369,P0058,3,184.34,0.1,497.72
OI00912,ORD00369,P0051,3,16.51,0.0,49.53
OI00913,ORD00370,P0048,2,189.24,0.05,359.56
OI00914,ORD00371,P0008,4,43.51,0.1,156.64
OI00915,ORD00372,P0014,5,55.53,0.05,263.77
OI00916,ORD00372,P0051,3,16.51,0.15,42.1
OI00917,ORD00373,P0014,1,55.53,0.15,47.2
OI00918,ORD00373,P0003,1,37.76,0.05,35.87
OI00919,ORD00374,P0037,5,10.8,0.0,54.0
OI00920,ORD00374,P0015,4,116.79,0.0,467.16
OI00921,ORD00375,P0047,1,192.68,0.0,192.68
OI00922,ORD00375,P0044,4,191.46,0.15,650.96
OI00923,ORD00375,P0058,2,184.34,0.0,368.68
OI00924,ORD00376,P0042,2,68.75,0.1,123.75
OI00925,ORD00376,P0026,3,266.63,0.0,799.89
OI00926,ORD00376,P0022,4,19.3,0.0,77.2
OI00927,ORD00376,P0054,5,117.19,0.05,556.65
OI00928,ORD00377,P0023,5,74.28,0.0,371.4
OI00929,ORD00377,P0024,2,82.33,0.05,156.43
OI00930,ORD00377,P0018,5,269.2,0.15,1144.1
OI00931,ORD00377,P0010,4,99.31,0.15,337.65
OI00932,ORD00378,P0044,3,191.46,0.0,574.38
OI00933,ORD00378,P0018,5,269.2,0.1,1211.4
OI00934,ORD00378,P0046,2,39.88,0.1,71.78
OI00935,ORD00378,P0027,3,271.32,0.0,813.96
OI00936,ORD00379,P0022,5,19.3,0.0,96.5
OI00937,ORD00379,P0029,2,24.91,0.05,47.33
OI00938,ORD00380,P0027,5,271.32,0.1,1220.94
OI00939,ORD00381,P0037,2,10.8,0.0,21.6
OI00940,ORD00382,P0042,5,68.75,0.0,343.75
OI00941,ORD00382,P0025,4,117.02,0.05,444.68
OI00942,ORD00383,P0015,3,116.79,0.0,350.37
OI00943,ORD00384,P0031,4,89.19,0.0,356.76
OI00944,ORD00385,P0017,2,28.31,0.05,53.79
OI00945,ORD00385,P0016,4,128.27,0.0,513.08
OI00946,ORD00386,P0039,4,152.53,0.0,610.12
OI00947,ORD00387,P0047,3,192.68,0.0,578.04
OI00948,ORD00387,P0002,5,188.83,0.1,849.74
OI00949,ORD00387,P0015,2,116.79,0.0,233.58
OI00950,ORD00388,P0048,4,189.24,0.0,756.96
OI00951,ORD00388,P0041,4,223.53,0.0,894.12
OI00952,ORD00388,P0015,5,116.79,0.0,583.95
OI00953,ORD00388,P0032,3,189.95,0.0,569.85
OI00954,ORD00389,P0017,5,28.31,0.1,127.39
OI00955,ORD00389,P0046,5,39.88,0.0,199.4
OI00956,ORD00390,P0036,4,163.66,0.0,654.64
OI00957,ORD00390,P0014,5,55.53,0.0,277.65
OI00958,ORD00391,P0007,3,177.14,0.05,504.85
OI00959,ORD00391,P0022,4,19.3,0.1,69.48
OI00960,ORD00392,P0001,1,116.43,0.15,98.97
OI00961,ORD00392,P0057,4,259.5,0.0,1038.0
OI00962,ORD00392,P0030,2,17.27,0.05,32.81
OI00963,ORD00392,P0021,5,36.81,0.05,174.85
OI00964,ORD00393,P0042,5,68.75,0.05,326.56
OI00965,ORD00393,P0017,2,28.31,0.0,56.62
OI00966,ORD00393,P0050,1,11.57,0.15,9.83
OI00967,ORD00393,P0045,5,214.4,0.05,1018.4
OI00968,ORD00394,P0023,5,74.28,0.15,315.69
OI00969,ORD00395,P0038,5,193.13,0.0,965.65
OI00970,ORD00395,P0033,5,75.79,0.05,360.0
OI00971,ORD00395,P0057,3,259.5,0.0,778.5
OI00972,ORD00396,P0036,2,163.66,0.1,294.59
OI00973,ORD00397,P0030,3,17.27,0.0,51.81
OI00974,ORD00398,P0028,2,178.03,0.0,356.06
OI00975,ORD00398,P0008,5,43.51,0.15,184.92
OI00976,ORD00398,P0050,1,11.57,0.1,10.41
OI00977,ORD00399,P0044,5,191.46,0.0,957.3
OI00978,ORD00399,P0013,5,130.8,0.0,654.0
OI00979,ORD00400,P0044,1,191.46,0.05,181.89
OI00980,ORD00400,P0008,3,43.51,0.15,110.95
OI00981,ORD00400,P0035,3,31.46,0.0,94.38
OI00982,ORD00401,P0052,1,82.52,0.15,70.14
OI00983,ORD00402,P0030,4,17.27,0.0,69.08
OI00984,ORD00402,P0041,5,223.53,0.15,950.0
OI00985,ORD00402,P0015,1,116.79,0.15,99.27
OI00986,ORD00403,P0035,5,31.46,0.0,157.3
OI00987,ORD00403,P0030,3,17.27,0.0,51.81
OI00988,ORD00403,P0058,4,184.34,0.0,737.36
OI00989,ORD00403,P0018,4,269.2,0.1,969.12
OI00990,ORD00404,P0048,5,189.24,0.05,898.89
OI00991,ORD00405,P0059,3,168.92,0.0,506.76
OI00992,ORD00405,P0055,1,49.93,0.1,44.94
OI00993,ORD00405,P0007,4,177.14,0.0,708.56
OI00994,ORD00406,P0028,1,178.03,0.15,151.33
OI00995,ORD00406,P0002,4,188.83,0.05,717.55
OI00996,ORD00407,P0058,2,184.34,0.0,368.68
OI00997,ORD00407,P0023,5,74.28,0.1,334.26
OI00998,ORD00407,P0056,3,64.45,0.0,193.35
OI00999,ORD00407,P0013,5,130.8,0.05,621.3
OI01000,ORD00408,P0048,5,189.24,0.05,898.89
OI01001,ORD00408,P0053,1,196.29,0.1,176.66
OI01002,ORD00408,P0049,4,126.91,0.15,431.49
OI01003,ORD00409,P0044,3,191.46,0.0,574.38
OI01004,ORD00410,P0056,1,64.45,0.0,64.45
OI01005,ORD00411,P0016,2,128.27,0.05,243.71
OI01006,ORD00411,P0035,3,31.46,0.0,94.38
OI01007,ORD00411,P0013,3,130.8,0.1,353.16
OI01008,ORD00412,P0020,3,164.66,0.15,419.88
OI01009,ORD00412,P0035,3,31.46,0.1,84.94
OI01010,ORD00412,P0006,1,15.78,0.15,13.41
OI01011,ORD00412,P0020,4,164.66,0.0,658.64
OI01012,ORD00413,P0006,4,15.78,0.0,63.12
OI01013,ORD00413,P0003,4,37.76,0.0,151.04
OI01014,ORD00414,P0013,4,130.8,0.0,523.2
OI01015,ORD00414,P0059,2,168.92,0.0,337.84
OI01016,ORD00414,P0040,4,76.18,0.0,304.72
OI01017,ORD00415,P0009,2,80.73,0.0,161.46
OI01018,ORD00415,P0004,1,25.49,0.0,25.49
OI01019,ORD00416,P0041,5,223.53,0.15,950.0
OI01020,ORD00416,P0035,2,31.46,0.0,62.92
OI01021,ORD00416,P0054,2,117.19,0.15,199.22
OI01022,ORD00416,P0033,5,75.79,0.15,322.11
OI01023,ORD00417,P0051,3,16.51,0.1,44.58
OI01024,ORD00417,P0055,3,49.93,0.15,127.32
OI01025,ORD00418,P0011,5,126.96,0.05,603.06
OI01026,ORD00418,P0018,1,269.2,0.1,242.28
OI01027,ORD00418,P0011,3,126.96,0.1,342.79
OI01028,ORD00418,P0024,4,82.33,0.0,329.32
OI01029,ORD00419,P0059,5,168.92,0.0,844.6
OI01030,ORD00419,P0007,5,177.14,0.15,752.84
OI01031,ORD00420,P0044,4,191.46,0.1,689.26
OI01032,ORD00421,P0021,2,36.81,0.05,69.94
OI01033,ORD00422,P0044,1,191.46,0.05,181.89
OI01034,ORD00422,P0019,2,65.06,0.15,110.6
OI01035,ORD00423,P0034,2,47.09,0.0,94.18
OI01036,ORD00424,P0026,3,266.63,0.1,719.9
OI01037,ORD00424,P0007,1,177.14,0.0,177.14
OI01038,ORD00424,P0034,2,47.09,0.05,89.47
OI01039,ORD00425,P0052,3,82.52,0.0,247.56
OI01040,ORD00425,P0002,4,188.83,0.1,679.79
OI01041,ORD00425,P0010,2,99.31,0.0,198.62
OI01042,ORD00425,P0042,3,68.75,0.0,206.25
OI01043,ORD00426,P0001,2,116.43,0.15,197.93
OI01044,ORD00426,P0054,5,117.19,0.1,527.36
OI01045,ORD00426,P0036,2,163.66,0.0,327.32
OI01046,ORD00426,P0028,3,178.03,0.0,534.09
OI01047,ORD00427,P0006,2,15.78,0.05,29.98
OI01048,ORD00427,P0059,4,168.92,0.15,574.33
OI01049,ORD00427,P0004,5,25.49,0.05,121.08
OI01050,ORD00428,P0008,4,43.51,0.1,156.64
OI01051,ORD00428,P0029,4,24.91,0.0,99.64
OI01052,ORD00429,P0027,1,271.32,0.0,271.32
OI01053,ORD00430,P0059,4,168.92,0.1,608.11
OI01054,ORD00430,P0027,5,271.32,0.0,1356.6
OI01055,ORD00430,P0030,3,17.27,0.1,46.63
OI01056,ORD00430,P0013,5,130.8,0.15,555.9
OI01057,ORD00431,P0007,4,177.14,0.0,708.56
OI01058,ORD00431,P0055,5,49.93,0.0,249.65
OI01059,ORD00432,P0052,1,82.52,0.05,78.39
OI01060,ORD00432,P0037,3,10.8,0.0,32.4
OI01061,ORD00432,P0044,2,191.46,0.1,344.63
OI01062,ORD00432,P0006,2,15.78,0.0,31.56
OI01063,ORD00433,P0036,5,163.66,0.1,736.47
OI01064,ORD00433,P0027,4,271.32,0.05,1031.02
OI01065,ORD00433,P0055,1,49.93,0.05,47.43
OI01066,ORD00433,P0050,3,11.57,0.1,31.24
OI01067,ORD00434,P0034,2,47.09,0.15,80.05
OI01068,ORD00434,P0016,2,128.27,0.0,256.54
OI01069,ORD00434,P0057,1,259.5,0.15,220.58
OI01070,ORD00435,P0014,5,55.53,0.05,263.77
OI01071,ORD00436,P0059,5,168.92,0.15,717.91
OI01072,ORD00436,P0002,5,188.83,0.0,944.15
OI01073,ORD00437,P0015,3,116.79,0.05,332.85
OI01074,ORD00437,P0033,5,75.79,0.0,378.95
OI01075,ORD00437,P0019,2,65.06,0.1,117.11
OI01076,ORD00438,P0005,2,164.14,0.05,311.87
OI01077,ORD00438,P0019,4,65.06,0.1,234.22
OI01078,ORD00438,P0031,4,89.19,0.0,356.76
OI01079,ORD00439,P0029,1,24.91,0.1,22.42
OI01080,ORD00440,P0050,2,11.57,0.05,21.98
OI01081,ORD00440,P0044,3,191.46,0.0,574.38
OI01082,ORD00440,P0003,5,37.76,0.05,179.36
OI01083,ORD00440,P0013,5,130.8,0.0,654.0
OI01084,ORD00441,P0052,1,82.52,0.15,70.14
OI01085,ORD00441,P0045,2,214.4,0.15,364.48
OI01086,ORD00441,P0007,2,177.14,0.0,354.28
OI01087,ORD00442,P0044,1,191.46,0.0,191.46
OI01088,ORD00442,P0055,3,49.93,0.1,134.81
OI01089,ORD00442,P0010,5,99.31,0.0,496.55
OI01090,ORD00443,P0019,2,65.06,0.0,130.12
OI01091,ORD00443,P0038,1,193.13,0.15,164.16
OI01092,ORD00444,P0025,4,117.02,0.0,468.08
OI01093,ORD00444,P0041,3,223.53,0.1,603.53
OI01094,ORD00444,P0004,1,25.49,0.15,21.67
OI01095,ORD00444,P0032,2,189.95,0.05,360.9
OI01096,ORD00445,P0041,4,223.53,0.05,849.41
OI01097,ORD00445,P0045,3,214.4,0.1,578.88
OI01098,ORD00445,P0023,1,74.28,0.1,66.85
OI01099,ORD00446,P0033,5,75.79,0.0,378.95
OI01100,ORD00446,P0013,4,130.8,0.05,497.04
OI01101,ORD00447,P0036,4,163.66,0.0,654.64
OI01102,ORD00448,P0013,2,130.8,0.15,222.36
OI01103,ORD00448,P0033,5,75.79,0.1,341.06
OI01104,ORD00448,P0059,3,168.92,0.0,506.76
OI01105,ORD00449,P0009,2,80.73,0.05,153.39
OI01106,ORD00449,P0031,2,89.19,0.1,160.54
OI01107,ORD00450,P0039,1,152.53,0.15,129.65
OI01108,ORD00450,P0046,4,39.88,0.05,151.54
OI01109,ORD00450,P0028,3,178.03,0.0,534.09
OI01110,ORD00450,P0044,3,191.46,0.05,545.66
OI01111,ORD00451,P0031,2,89.19,0.1,160.54
OI01112,ORD00451,P0060,2,222.4,0.0,444.8
OI01113,ORD00452,P0010,1,99.31,0.0,99.31
OI01114,ORD00453,P0049,2,126.91,0.0,253.82
OI01115,ORD00454,P0024,5,82.33,0.15,349.9
OI01116,ORD00454,P0008,5,43.51,0.0,217.55
OI01117,ORD00455,P0005,1,164.14,0.0,164.14
OI01118,ORD00455,P0020,5,164.66,0.0,823.3
OI01119,ORD00455,P0001,2,116.43,0.0,232.86
OI01120,ORD00455,P0013,4,130.8,0.1,470.88
OI01121,ORD00456,P0060,4,222.4,0.0,889.6
OI01122,ORD00456,P0029,3,24.91,0.0,74.73
OI01123,ORD00456,P0029,2,24.91,0.1,44.84
OI01124,ORD00456,P0013,2,130.8,0.0,261.6
OI01125,ORD00457,P0021,3,36.81,0.0,110.43
OI01126,ORD00457,P0057,2,259.5,0.05,493.05
OI01127,ORD00457,P0001,4,116.43,0.1,419.15
OI01128,ORD00458,P0020,2,164.66,0.15,279.92
OI01129,ORD00458,P0052,2,82.52,0.15,140.28
OI01130,ORD00458,P0029,4,24.91,0.0,99.64
OI01131,ORD00458,P0028,1,178.03,0.0,178.03
OI01132,ORD00459,P0044,3,191.46,0.0,574.38
OI01133,ORD00459,P0001,4,116.43,0.1,419.15
OI01134,ORD00459,P0046,4,39.88,0.0,159.52
OI01135,ORD00460,P0019,1,65.06,0.0,65.06
OI01136,ORD00461,P0049,3,126.91,0.0,380.73
OI01137,ORD00462,P0051,3,16.51,0.05,47.05
OI01138,ORD00462,P0026,4,266.63,0.0,1066.52
OI01139,ORD00462,P0060,2,222.4,0.0,444.8
OI01140,ORD00462,P0022,4,19.3,0.05,73.34
OI01141,ORD00463,P0040,3,76.18,0.05,217.11
OI01142,ORD00464,P0019,1,65.06,0.05,61.81
OI01143,ORD00465,P0015,3,116.79,0.1,315.33
OI01144,ORD00466,P0009,3,80.73,0.0,242.19
OI01145,ORD00466,P0002,1,188.83,0.1,169.95
OI01146,ORD00467,P0042,1,68.75,0.05,65.31
OI01147,ORD00468,P0056,4,64.45,0.15,219.13
OI01148,ORD00468,P0001,2,116.43,0.15,197.93
OI01149,ORD00468,P0028,3,178.03,0.15,453.98
OI01150,ORD00468,P0035,5,31.46,0.0,157.3
OI01151,ORD00469,P0042,4,68.75,0.1,247.5
OI01152,ORD00469,P0018,5,269.2,0.05,1278.7
OI01153,ORD00469,P0010,1,99.31,0.1,89.38
OI01154,ORD00470,P0030,3,17.27,0.05,49.22
OI01155,ORD00470,P0014,3,55.53,0.0,166.59
OI01156,ORD00471,P0006,1,15.78,0.1,14.2
OI01157,ORD00471,P0027,5,271.32,0.05,1288.77
OI01158,ORD00471,P0055,3,49.93,0.0,149.79
OI01159,ORD00471,P0039,1,152.53,0.1,137.28
OI01160,ORD00472,P0016,5,128.27,0.1,577.22
OI01161,ORD00472,P0039,1,152.53,0.0,152.53
OI01162,ORD00472,P0002,5,188.83,0.05,896.94
OI01163,ORD00473,P0060,4,222.4,0.0,889.6
OI01164,ORD00473,P0060,3,222.4,0.0,667.2
OI01165,ORD00473,P0030,5,17.27,0.15,73.4
OI01166,ORD00474,P0024,2,82.33,0.15,139.96
OI01167,ORD00474,P0042,2,68.75,0.15,116.88
OI01168,ORD00474,P0052,5,82.52,0.15,350.71
OI01169,ORD00475,P0019,3,65.06,0.1,175.66
OI01170,ORD00475,P0004,1,25.49,0.1,22.94
OI01171,ORD00475,P0039,3,152.53,0.15,388.95
OI01172,ORD00475,P0004,5,25.49,0.1,114.7
OI01173,ORD00476,P0013,4,130.8,0.1,470.88
OI01174,ORD00476,P0060,1,222.4,0.0,222.4
OI01175,ORD00476,P0032,2,189.95,0.0,379.9
OI01176,ORD00476,P0025,2,117.02,0.0,234.04
OI01177,ORD00477,P0034,4,47.09,0.05,178.94
OI01178,ORD00477,P0021,3,36.81,0.0,110.43
OI01179,ORD00477,P0023,4,74.28,0.1,267.41
OI01180,ORD00477,P0011,1,126.96,0.1,114.26
OI01181,ORD00478,P0046,5,39.88,0.05,189.43
OI01182,ORD00478,P0029,2,24.91,0.0,49.82
OI01183,ORD00479,P0004,4,25.49,0.0,101.96
OI01184,ORD00479,P0035,5,31.46,0.1,141.57
OI01185,ORD00479,P0048,4,189.24,0.1,681.26
OI01186,ORD00480,P0048,4,189.24,0.0,756.96
OI01187,ORD00481,P0026,4,266.63,0.0,1066.52
OI01188,ORD00481,P0035,2,31.46,0.15,53.48
OI01189,ORD00482,P0046,3,39.88,0.05,113.66
OI01190,ORD00482,P0049,1,126.91,0.0,126.91
OI01191,ORD00482,P0051,5,16.51,0.1,74.3
OI01192,ORD00482,P0040,5,76.18,0.0,380.9
OI01193,ORD00483,P0054,2,117.19,0.15,199.22
OI01194,ORD00483,P0050,2,11.57,0.15,19.67
OI01195,ORD00483,P0059,2,168.92,0.15,287.16
OI01196,ORD00483,P0029,3,24.91,0.05,70.99
OI01197,ORD00484,P0029,2,24.91,0.15,42.35
OI01198,ORD00484,P0020,5,164.66,0.05,782.13
OI01199,ORD00484,P0050,3,11.57,0.05,32.97
OI01200,ORD00484,P0011,5,126.96,0.15,539.58
OI01201,ORD00485,P0013,2,130.8,0.15,222.36
OI01202,ORD00485,P0039,3,152.53,0.0,457.59
OI01203,ORD00486,P0058,5,184.34,0.0,921.7
OI01204,ORD00486,P0022,2,19.3,0.05,36.67
OI01205,ORD00487,P0008,1,43.51,0.0,43.51
OI01206,ORD00487,P0026,3,266.63,0.0,799.89
OI01207,ORD00487,P0056,2,64.45,0.05,122.46
OI01208,ORD00487,P0027,3,271.32,0.0,813.96
OI01209,ORD00488,P0050,1,11.57,0.0,11.57
OI01210,ORD00489,P0040,2,76.18,0.0,152.36
OI01211,ORD00489,P0007,4,177.14,0.0,708.56
OI01212,ORD00489,P0021,4,36.81,0.0,147.24
OI01213,ORD00490,P0010,1,99.31,0.05,94.34
OI01214,ORD00490,P0045,1,214.4,0.05,203.68
OI01215,ORD00490,P0013,5,130.8,0.15,555.9
OI01216,ORD00491,P0047,1,192.68,0.15,163.78
OI01217,ORD00491,P0038,2,193.13,0.05,366.95
OI01218,ORD00491,P0044,1,191.46,0.1,172.31
OI01219,ORD00491,P0059,2,168.92,0.0,337.84
OI01220,ORD00492,P0058,2,184.34,0.05,350.25
OI01221,ORD00492,P0010,5,99.31,0.0,496.55
OI01222,ORD00492,P0032,2,189.95,0.0,379.9
OI01223,ORD00492,P0012,4,72.21,0.05,274.4
OI01224,ORD00493,P0053,4,196.29,0.05,745.9
OI01225,ORD00493,P0020,2,164.66,0.15,279.92
OI01226,ORD00494,P0055,5,49.93,0.05,237.17
OI01227,ORD00494,P0032,1,189.95,0.05,180.45
OI01228,ORD00494,P0046,1,39.88,0.05,37.89
OI01229,ORD00494,P0057,5,259.5,0.1,1167.75
OI01230,ORD00495,P0034,2,47.09,0.15,80.05
OI01231,ORD00495,P0059,1,168.92,0.1,152.03
OI01232,ORD00496,P0011,4,126.96,0.15,431.66
OI01233,ORD00496,P0050,3,11.57,0.0,34.71
OI01234,ORD00496,P0037,4,10.8,0.0,43.2
OI01235,ORD00496,P0004,4,25.49,0.1,91.76
OI01236,ORD00497,P0056,2,64.45,0.15,109.56
OI01237,ORD00497,P0040,4,76.18,0.1,274.25
OI01238,ORD00498,P0029,3,24.91,0.1,67.26
OI01239,ORD00499,P0042,4,68.75,0.0,275.0
OI01240,ORD00499,P0035,5,31.46,0.0,157.3
OI01241,ORD00500,P0022,1,19.3,0.05,18.34
OI01242,ORD00501,P0039,5,152.53,0.15,648.25
OI01243,ORD00501,P0034,2,47.09,0.05,89.47
OI01244,ORD00502,P0022,3,19.3,0.05,55.0
OI01245,ORD00502,P0057,5,259.5,0.0,1297.5
OI01246,ORD00502,P0060,3,222.4,0.05,633.84
OI01247,ORD00503,P0037,1,10.8,0.15,9.18
OI01248,ORD00503,P0040,4,76.18,0.1,274.25
OI01249,ORD00503,P0035,5,31.46,0.15,133.71
OI01250,ORD00504,P0011,2,126.96,0.05,241.22
OI01251,ORD00504,P0033,1,75.79,0.05,72.0
OI01252,ORD00505,P0004,4,25.49,0.1,91.76
OI01253,ORD00505,P0024,3,82.33,0.0,246.99
OI01254,ORD00505,P0045,1,214.4,0.0,214.4
OI01255,ORD00505,P0014,1,55.53,0.0,55.53
OI01256,ORD00506,P0040,4,76.18,0.0,304.72
OI01257,ORD00506,P0041,3,223.53,0.15,570.0
OI01258,ORD00506,P0013,2,130.8,0.05,248.52
OI01259,ORD00506,P0034,2,47.09,0.15,80.05
OI01260,ORD00507,P0032,3,189.95,0.15,484.37
OI01261,ORD00507,P0040,3,76.18,0.0,228.54
OI01262,ORD00508,P0001,1,116.43,0.0,116.43
OI01263,ORD00508,P0039,2,152.53,0.05,289.81
OI01264,ORD00508,P0003,2,37.76,0.0,75.52
OI01265,ORD00508,P0055,3,49.93,0.15,127.32
OI01266,ORD00509,P0023,1,74.28,0.1,66.85
OI01267,ORD00510,P0026,3,266.63,0.0,799.89
OI01268,ORD00510,P0011,3,126.96,0.1,342.79
OI01269,ORD00510,P0059,2,168.92,0.1,304.06
OI01270,ORD00510,P0029,4,24.91,0.15,84.69
OI01271,ORD00511,P0005,2,164.14,0.15,279.04
OI01272,ORD00511,P0043,2,74.83,0.0,149.66
OI01273,ORD00511,P0050,3,11.57,0.1,31.24
OI01274,ORD00511,P0031,5,89.19,0.05,423.65
OI01275,ORD00512,P0042,2,68.75,0.1,123.75
OI01276,ORD00512,P0031,5,89.19,0.15,379.06
OI01277,ORD00512,P0039,4,152.53,0.0,610.12
OI01278,ORD00512,P0040,5,76.18,0.15,323.77
OI01279,ORD00513,P0037,3,10.8,0.1,29.16
OI01280,ORD00514,P0037,4,10.8,0.0,43.2
OI01281,ORD00514,P0008,4,43.51,0.0,174.04
OI01282,ORD00514,P0021,5,36.81,0.0,184.05
OI01283,ORD00514,P0015,5,116.79,0.15,496.36
OI01284,ORD00515,P0001,2,116.43,0.0,232.86
OI01285,ORD00515,P0023,5,74.28,0.0,371.4
OI01286,ORD00516,P0013,3,130.8,0.0,392.4
OI01287,ORD00517,P0037,1,10.8,0.0,10.8
OI01288,ORD00517,P0024,1,82.33,0.1,74.1
OI01289,ORD00517,P0058,1,184.34,0.0,184.34
OI01290,ORD00517,P0019,3,65.06,0.05,185.42
OI01291,ORD00518,P0018,3,269.2,0.15,686.46
OI01292,ORD00518,P0058,4,184.34,0.05,700.49
OI01293,ORD00518,P0055,1,49.93,0.15,42.44
OI01294,ORD00519,P0053,4,196.29,0.05,745.9
OI01295,ORD00520,P0030,1,17.27,0.15,14.68
OI01296,ORD00520,P0009,3,80.73,0.1,217.97
OI01297,ORD00520,P0036,4,163.66,0.1,589.18
OI01298,ORD00521,P0050,5,11.57,0.05,54.96
OI01299,ORD00521,P0017,4,28.31,0.0,113.24
OI01300,ORD00521,P0017,4,28.31,0.05,107.58
OI01301,ORD00521,P0029,2,24.91,0.05,47.33
OI01302,ORD00522,P0040,5,76.18,0.05,361.86
OI01303,ORD00522,P0035,1,31.46,0.05,29.89
OI01304,ORD00523,P0039,5,152.53,0.0,762.65
OI01305,ORD00523,P0022,4,19.3,0.1,69.48
OI01306,ORD00524,P0026,3,266.63,0.1,719.9
OI01307,ORD00524,P0028,2,178.03,0.0,356.06
OI01308,ORD00524,P0050,4,11.57,0.05,43.97
OI01309,ORD00524,P0042,2,68.75,0.0,137.5
OI01310,ORD00525,P0050,1,11.57,0.1,10.41
OI01311,ORD00525,P0045,2,214.4,0.15,364.48
OI01312,ORD00525,P0006,2,15.78,0.1,28.4
OI01313,ORD00525,P0008,5,43.51,0.05,206.67
OI01314,ORD00526,P0045,4,214.4,0.1,771.84
OI01315,ORD00526,P0027,3,271.32,0.0,813.96
OI01316,ORD00526,P0044,4,191.46,0.0,765.84
OI01317,ORD00526,P0048,1,189.24,0.05,179.78
OI01318,ORD00527,P0025,2,117.02,0.05,222.34
OI01319,ORD00528,P0040,3,76.18,0.1,205.69
OI01320,ORD00528,P0050,4,11.57,0.15,39.34
OI01321,ORD00529,P0046,5,39.88,0.0,199.4
OI01322,ORD00529,P0003,1,37.76,0.0,37.76
OI01323,ORD00530,P0015,4,116.79,0.05,443.8
OI01324,ORD00531,P0026,5,266.63,0.0,1333.15
OI01325,ORD00532,P0048,2,189.24,0.1,340.63
OI01326,ORD00532,P0019,4,65.06,0.1,234.22
OI01327,ORD00533,P0041,1,223.53,0.0,223.53
OI01328,ORD00533,P0036,5,163.66,0.15,695.56
OI01329,ORD00533,P0024,3,82.33,0.0,246.99
OI01330,ORD00534,P0031,5,89.19,0.0,445.95
OI01331,ORD00534,P0015,3,116.79,0.0,350.37
OI01332,ORD00535,P0033,1,75.79,0.1,68.21
OI01333,ORD00535,P0032,5,189.95,0.0,949.75
OI01334,ORD00535,P0021,5,36.81,0.0,184.05
OI01335,ORD00535,P0036,3,163.66,0.1,441.88
OI01336,ORD00536,P0055,1,49.93,0.0,49.93
OI01337,ORD00537,P0007,1,177.14,0.1,159.43
OI01338,ORD00537,P0017,4,28.31,0.15,96.25
OI01339,ORD00537,P0033,4,75.79,0.05,288.0
OI01340,ORD00538,P0059,5,168.92,0.0,844.6
OI01341,ORD00538,P0046,4,39.88,0.0,159.52
OI01342,ORD00538,P0057,1,259.5,0.0,259.5
OI01343,ORD00539,P0046,3,39.88,0.0,119.64
OI01344,ORD00539,P0012,5,72.21,0.1,324.94
OI01345,ORD00540,P0025,2,117.02,0.0,234.04
OI01346,ORD00540,P0035,4,31.46,0.0,125.84
OI01347,ORD00541,P0013,5,130.8,0.15,555.9
OI01348,ORD00541,P0025,5,117.02,0.1,526.59
OI01349,ORD00541,P0046,3,39.88,0.05,113.66
OI01350,ORD00542,P0044,1,191.46,0.05,181.89
OI01351,ORD00542,P0032,3,189.95,0.0,569.85
OI01352,ORD00543,P0048,5,189.24,0.05,898.89
OI01353,ORD00544,P0004,3,25.49,0.0,76.47
OI01354,ORD00544,P0048,1,189.24,0.0,189.24
OI01355,ORD00545,P0046,5,39.88,0.0,199.4
OI01356,ORD00545,P0038,1,193.13,0.15,164.16
OI01357,ORD00545,P0028,5,178.03,0.0,890.15
OI01358,ORD00545,P0045,5,214.4,0.15,911.2
OI01359,ORD00546,P0059,2,168.92,0.0,337.84
OI01360,ORD00546,P0053,3,196.29,0.1,529.98
OI01361,ORD00547,P0031,2,89.19,0.0,178.38
OI01362,ORD00547,P0019,1,65.06,0.1,58.55
OI01363,ORD00548,P0017,5,28.31,0.15,120.32
OI01364,ORD00548,P0049,3,126.91,0.15,323.62
OI01365,ORD00548,P0012,5,72.21,0.0,361.05
OI01366,ORD00549,P0013,4,130.8,0.0,523.2
OI01367,ORD00549,P0053,5,196.29,0.0,981.45
OI01368,ORD00549,P0043,5,74.83,0.05,355.44
OI01369,ORD00550,P0024,3,82.33,0.15,209.94
OI01370,ORD00550,P0017,5,28.31,0.05,134.47
OI01371,ORD00550,P0049,4,126.91,0.05,482.26
OI01372,ORD00550,P0010,4,99.31,0.1,357.52
OI01373,ORD00551,P0055,5,49.93,0.1,224.68
OI01374,ORD00551,P0017,2,28.31,0.1,50.96
OI01375,ORD00551,P0029,2,24.91,0.1,44.84
OI01376,ORD00552,P0031,5,89.19,0.0,445.95
OI01377,ORD00553,P0032,5,189.95,0.15,807.29
OI01378,ORD00553,P0047,2,192.68,0.0,385.36
OI01379,ORD00553,P0032,3,189.95,0.0,569.85
OI01380,ORD00554,P0033,2,75.79,0.0,151.58
OI01381,ORD00555,P0047,4,192.68,0.0,770.72
OI01382,ORD00555,P0007,5,177.14,0.05,841.41
OI01383,ORD00556,P0017,1,28.31,0.05,26.89
OI01384,ORD00556,P0016,5,128.27,0.05,609.28
OI01385,ORD00557,P0046,3,39.88,0.0,119.64
OI01386,ORD00557,P0043,1,74.83,0.0,74.83
OI01387,ORD00557,P0006,1,15.78,0.0,15.78
OI01388,ORD00557,P0060,4,222.4,0.0,889.6
OI01389,ORD00558,P0030,2,17.27,0.0,34.54
OI01390,ORD00558,P0028,2,178.03,0.1,320.45
OI01391,ORD00558,P0025,3,117.02,0.0,351.06
OI01392,ORD00558,P0056,3,64.45,0.05,183.68
OI01393,ORD00559,P0009,5,80.73,0.0,403.65
OI01394,ORD00559,P0028,4,178.03,0.0,712.12
OI01395,ORD00560,P0032,2,189.95,0.05,360.9
OI01396,ORD00560,P0048,3,189.24,0.0,567.72
OI01397,ORD00560,P0045,1,214.4,0.05,203.68
OI01398,ORD00561,P0034,3,47.09,0.0,141.27
OI01399,ORD00561,P0060,1,222.4,0.0,222.4
OI01400,ORD00561,P0059,1,168.92,0.1,152.03
OI01401,ORD00561,P0024,5,82.33,0.1,370.48
OI01402,ORD00562,P0058,4,184.34,0.0,737.36
OI01403,ORD00562,P0019,4,65.06,0.15,221.2
OI01404,ORD00562,P0056,3,64.45,0.0,193.35
OI01405,ORD00562,P0038,2,193.13,0.1,347.63
OI01406,ORD00563,P0006,3,15.78,0.1,42.61
OI01407,ORD00564,P0031,3,89.19,0.1,240.81
OI01408,ORD00564,P0011,4,126.96,0.0,507.84
OI01409,ORD00564,P0019,2,65.06,0.0,130.12
OI01410,ORD00565,P0026,3,266.63,0.05,759.9
OI01411,ORD00566,P0025,2,117.02,0.0,234.04
OI01412,ORD00567,P0019,5,65.06,0.0,325.3
OI01413,ORD00567,P0045,1,214.4,0.15,182.24
OI01414,ORD00567,P0004,5,25.49,0.05,121.08
OI01415,ORD00567,P0019,4,65.06,0.05,247.23
OI01416,ORD00568,P0059,3,168.92,0.05,481.42
OI01417,ORD00568,P0041,1,223.53,0.15,190.0
OI01418,ORD00569,P0012,1,72.21,0.0,72.21
OI01419,ORD00569,P0034,1,47.09,0.15,40.03
OI01420,ORD00569,P0003,3,37.76,0.15,96.29
OI01421,ORD00570,P0041,1,223.53,0.05,212.35
OI01422,ORD00570,P0043,1,74.83,0.0,74.83
OI01423,ORD00570,P0022,1,19.3,0.15,16.4
OI01424,ORD00571,P0039,4,152.53,0.15,518.6
OI01425,ORD00571,P0060,5,222.4,0.05,1056.4
OI01426,ORD00572,P0013,5,130.8,0.15,555.9
OI01427,ORD00572,P0016,1,128.27,0.0,128.27
OI01428,ORD00572,P0027,1,271.32,0.0,271.32
OI01429,ORD00572,P0020,1,164.66,0.05,156.43
OI01430,ORD00573,P0027,4,271.32,0.15,922.49
OI01431,ORD00573,P0020,3,164.66,0.1,444.58
OI01432,ORD00573,P0007,1,177.14,0.1,159.43
OI01433,ORD00574,P0049,5,126.91,0.0,634.55
OI01434,ORD00574,P0016,1,128.27,0.05,121.86
OI01435,ORD00574,P0032,2,189.95,0.1,341.91
OI01436,ORD00574,P0052,1,82.52,0.15,70.14
OI01437,ORD00575,P0008,2,43.51,0.0,87.02
OI01438,ORD00576,P0005,2,164.14,0.0,328.28
OI01439,ORD00576,P0015,1,116.79,0.05,110.95
OI01440,ORD00576,P0002,5,188.83,0.0,944.15
OI01441,ORD00577,P0042,2,68.75,0.15,116.88
OI01442,ORD00578,P0040,4,76.18,0.1,274.25
OI01443,ORD00579,P0033,1,75.79,0.0,75.79
OI01444,ORD00579,P0042,5,68.75,0.0,343.75
OI01445,ORD00579,P0003,4,37.76,0.1,135.94
OI01446,ORD00579,P0037,4,10.8,0.0,43.2
OI01447,ORD00580,P0058,2,184.34,0.0,368.68
OI01448,ORD00581,P0043,2,74.83,0.05,142.18
OI01449,ORD00581,P0025,5,117.02,0.05,555.84
OI01450,ORD00582,P0001,5,116.43,0.05,553.04
OI01451,ORD00582,P0009,5,80.73,0.15,343.1
OI01452,ORD00583,P0057,5,259.5,0.05,1232.62
OI01453,ORD00584,P0010,4,99.31,0.0,397.24
OI01454,ORD00584,P0060,2,222.4,0.0,444.8
OI01455,ORD00584,P0015,5,116.79,0.15,496.36
OI01456,ORD00585,P0028,4,178.03,0.1,640.91
OI01457,ORD00585,P0048,2,189.24,0.15,321.71
OI01458,ORD00586,P0007,3,177.14,0.15,451.71
OI01459,ORD00586,P0052,4,82.52,0.05,313.58
OI01460,ORD00587,P0038,4,193.13,0.1,695.27
OI01461,ORD00587,P0032,5,189.95,0.05,902.26
OI01462,ORD00587,P0052,1,82.52,0.15,70.14
OI01463,ORD00588,P0021,1,36.81,0.1,33.13
OI01464,ORD00589,P0033,5,75.79,0.05,360.0
OI01465,ORD00590,P0006,3,15.78,0.15,40.24
OI01466,ORD00590,P0003,5,37.76,0.1,169.92
OI01467,ORD00590,P0014,1,55.53,0.15,47.2
OI01468,ORD00590,P0002,5,188.83,0.15,802.53
OI01469,ORD00591,P0010,5,99.31,0.15,422.07
OI01470,ORD00591,P0049,4,126.91,0.0,507.64
OI01471,ORD00591,P0058,2,184.34,0.1,331.81
OI01472,ORD00592,P0056,5,64.45,0.05,306.14
OI01473,ORD00592,P0032,4,189.95,0.05,721.81
OI01474,ORD00592,P0006,5,15.78,0.15,67.06
OI01475,ORD00592,P0028,5,178.03,0.1,801.14
OI01476,ORD00593,P0029,5,24.91,0.0,124.55
OI01477,ORD00594,P0059,3,168.92,0.0,506.76
OI01478,ORD00594,P0018,2,269.2,0.05,511.48
OI01479,ORD00594,P0011,3,126.96,0.0,380.88
OI01480,ORD00595,P0032,2,189.95,0.0,379.9
OI01481,ORD00595,P0042,4,68.75,0.05,261.25
OI01482,ORD00596,P0023,3,74.28,0.0,222.84
OI01483,ORD00596,P0049,3,126.91,0.1,342.66
OI01484,ORD00596,P0057,4,259.5,0.0,1038.0
OI01485,ORD00597,P0040,3,76.18,0.0,228.54
OI01486,ORD00597,P0005,1,164.14,0.1,147.73
OI01487,ORD00598,P0050,5,11.57,0.0,57.85
OI01488,ORD00598,P0005,3,164.14,0.0,492.42
OI01489,ORD00598,P0017,2,28.31,0.15,48.13
OI01490,ORD00599,P0033,4,75.79,0.0,303.16
OI01491,ORD00599,P0025,4,117.02,0.0,468.08
OI01492,ORD00599,P0016,2,128.27,0.15,218.06
OI01493,ORD00600,P0027,3,271.32,0.1,732.56
OI01494,ORD00600,P0019,3,65.06,0.0,195.18
OI01495,ORD00600,P0036,4,163.66,0.1,589.18
OI01496,ORD00600,P0009,3,80.73,0.05,230.08
OI01497,ORD00601,P0037,4,10.8,0.05,41.04
OI01498,ORD00601,P0032,5,189.95,0.0,949.75
OI01499,ORD00601,P0057,5,259.5,0.0,1297.5
OI01500,ORD00602,P0009,2,80.73,0.0,161.46
OI01501,ORD00603,P0008,2,43.51,0.15,73.97
OI01502,ORD00603,P0039,1,152.53,0.15,129.65
OI01503,ORD00603,P0046,2,39.88,0.15,67.8
OI01504,ORD00603,P0011,2,126.96,0.0,253.92
OI01505,ORD00604,P0016,2,128.27,0.05,243.71
OI01506,ORD00605,P0018,1,269.2,0.15,228.82
OI01507,ORD00605,P0050,1,11.57,0.1,10.41
OI01508,ORD00605,P0014,4,55.53,0.0,222.12
OI01509,ORD00605,P0011,2,126.96,0.1,228.53
OI01510,ORD00606,P0021,1,36.81,0.1,33.13
OI01511,ORD00606,P0039,2,152.53,0.1,274.55
OI01512,ORD00607,P0035,2,31.46,0.15,53.48
OI01513,ORD00608,P0001,3,116.43,0.15,296.9
OI01514,ORD00608,P0013,4,130.8,0.1,470.88
OI01515,ORD00608,P0005,4,164.14,0.0,656.56
OI01516,ORD00608,P0030,5,17.27,0.05,82.03
OI01517,ORD00609,P0004,1,25.49,0.0,25.49
OI01518,ORD00610,P0028,2,178.03,0.05,338.26
OI01519,ORD00611,P0022,5,19.3,0.0,96.5
OI01520,ORD00612,P0014,2,55.53,0.0,111.06
OI01521,ORD00613,P0060,2,222.4,0.0,444.8
OI01522,ORD00613,P0048,1,189.24,0.1,170.32
OI01523,ORD00613,P0003,4,37.76,0.1,135.94
OI01524,ORD00613,P0060,1,222.4,0.1,200.16
OI01525,ORD00614,P0003,1,37.76,0.05,35.87
OI01526,ORD00614,P0053,3,196.29,0.1,529.98
OI01527,ORD00614,P0030,2,17.27,0.15,29.36
OI01528,ORD00614,P0038,5,193.13,0.1,869.08
OI01529,ORD00615,P0058,5,184.34,0.1,829.53
OI01530,ORD00615,P0004,5,25.49,0.0,127.45
OI01531,ORD00616,P0014,4,55.53,0.15,188.8
OI01532,ORD00616,P0027,5,271.32,0.0,1356.6
OI01533,ORD00616,P0036,2,163.66,0.1,294.59
OI01534,ORD00617,P0035,1,31.46,0.0,31.46
OI01535,ORD00617,P0027,4,271.32,0.05,1031.02
OI01536,ORD00618,P0045,3,214.4,0.0,643.2
OI01537,ORD00618,P0035,1,31.46,0.0,31.46
OI01538,ORD00618,P0024,2,82.33,0.0,164.66
OI01539,ORD00618,P0056,5,64.45,0.0,322.25
OI01540,ORD00619,P0029,2,24.91,0.05,47.33
OI01541,ORD00619,P0037,3,10.8,0.05,30.78
OI01542,ORD00620,P0003,1,37.76,0.15,32.1
OI01543,ORD00620,P0058,3,184.34,0.0,553.02
OI01544,ORD00620,P0003,1,37.76,0.05,35.87
OI01545,ORD00620,P0021,1,36.81,0.0,36.81
OI01546,ORD00621,P0033,1,75.79,0.0,75.79
OI01547,ORD00621,P0030,2,17.27,0.0,34.54
OI01548,ORD00622,P0006,1,15.78,0.15,13.41
OI01549,ORD00622,P0042,4,68.75,0.0,275.0
OI01550,ORD00622,P0044,4,191.46,0.0,765.84
OI01551,ORD00623,P0016,4,128.27,0.05,487.43
OI01552,ORD00623,P0041,3,223.53,0.0,670.59
OI01553,ORD00623,P0001,5,116.43,0.15,494.83
OI01554,ORD00624,P0025,3,117.02,0.1,315.95
OI01555,ORD00625,P0038,4,193.13,0.0,772.52
OI01556,ORD00625,P0028,3,178.03,0.05,507.39
OI01557,ORD00625,P0024,5,82.33,0.05,391.07
OI01558,ORD00625,P0027,2,271.32,0.1,488.38
OI01559,ORD00626,P0029,3,24.91,0.1,67.26
OI01560,ORD00627,P0005,1,164.14,0.15,139.52
OI01561,ORD00627,P0021,2,36.81,0.05,69.94
OI01562,ORD00627,P0038,4,193.13,0.0,772.52
OI01563,ORD00628,P0032,2,189.95,0.0,379.9
OI01564,ORD00628,P0023,2,74.28,0.1,133.7
OI01565,ORD00628,P0024,5,82.33,0.15,349.9
OI01566,ORD00628,P0049,2,126.91,0.1,228.44
OI01567,ORD00629,P0017,5,28.31,0.05,134.47
OI01568,ORD00629,P0031,3,89.19,0.1,240.81
OI01569,ORD00629,P0009,3,80.73,0.0,242.19
OI01570,ORD00629,P0009,2,80.73,0.15,137.24
OI01571,ORD00630,P0031,3,89.19,0.0,267.57
OI01572,ORD00631,P0049,1,126.91,0.05,120.56
OI01573,ORD00631,P0031,3,89.19,0.15,227.43
OI01574,ORD00632,P0021,3,36.81,0.0,110.43
OI01575,ORD00632,P0045,5,214.4,0.1,964.8
OI01576,ORD00632,P0022,5,19.3,0.0,96.5
OI01577,ORD00632,P0009,1,80.73,0.0,80.73
OI01578,ORD00633,P0002,4,188.83,0.0,755.32
OI01579,ORD00633,P0060,5,222.4,0.1,1000.8
OI01580,ORD00633,P0042,5,68.75,0.0,343.75
OI01581,ORD00633,P0001,3,116.43,0.1,314.36
OI01582,ORD00634,P0022,1,19.3,0.1,17.37
OI01583,ORD00634,P0006,5,15.78,0.0,78.9
OI01584,ORD00634,P0018,5,269.2,0.05,1278.7
OI01585,ORD00634,P0052,4,82.52,0.0,330.08
OI01586,ORD00635,P0001,1,116.43,0.1,104.79
OI01587,ORD00635,P0058,4,184.34,0.15,626.76
OI01588,ORD00635,P0001,4,116.43,0.0,465.72
OI01589,ORD00636,P0057,2,259.5,0.0,519.0
OI01590,ORD00637,P0031,3,89.19,0.0,267.57
OI01591,ORD00637,P0018,4,269.2,0.1,969.12
OI01592,ORD00637,P0034,4,47.09,0.1,169.52
OI01593,ORD00638,P0055,5,49.93,0.05,237.17
OI01594,ORD00638,P0050,5,11.57,0.1,52.07
OI01595,ORD00638,P0047,4,192.68,0.0,770.72
OI01596,ORD00638,P0019,1,65.06,0.1,58.55
OI01597,ORD00639,P0036,4,163.66,0.1,589.18
OI01598,ORD00640,P0006,1,15.78,0.05,14.99
OI01599,ORD00640,P0026,4,266.63,0.0,1066.52
OI01600,ORD00641,P0001,5,116.43,0.0,582.15
OI01601,ORD00641,P0021,1,36.81,0.1,33.13
OI01602,ORD00641,P0029,1,24.91,0.0,24.91
OI01603,ORD00642,P0042,3,68.75,0.1,185.62
OI01604,ORD00642,P0006,4,15.78,0.0,63.12
OI01605,ORD00643,P0003,3,37.76,0.05,107.62
OI01606,ORD00643,P0009,2,80.73,0.05,153.39
OI01607,ORD00644,P0031,2,89.19,0.1,160.54
OI01608,ORD00644,P0057,1,259.5,0.0,259.5
OI01609,ORD00644,P0037,3,10.8,0.1,29.16
OI01610,ORD00645,P0023,3,74.28,0.0,222.84
OI01611,ORD00645,P0002,1,188.83,0.0,188.83
OI01612,ORD00646,P0004,1,25.49,0.1,22.94
OI01613,ORD00646,P0010,3,99.31,0.15,253.24
OI01614,ORD00646,P0019,5,65.06,0.05,309.03
OI01615,ORD00646,P0028,4,178.03,0.0,712.12
OI01616,ORD00647,P0060,3,222.4,0.0,667.2
OI01617,ORD00647,P0009,4,80.73,0.15,274.48
OI01618,ORD00647,P0012,4,72.21,0.05,274.4
OI01619,ORD00648,P0017,1,28.31,0.0,28.31
OI01620,ORD00648,P0004,1,25.49,0.0,25.49
OI01621,ORD00648,P0003,3,37.76,0.05,107.62
OI01622,ORD00649,P0015,2,116.79,0.15,198.54
OI01623,ORD00649,P0046,2,39.88,0.0,79.76
OI01624,ORD00650,P0036,3,163.66,0.05,466.43
OI01625,ORD00651,P0046,4,39.88,0.0,159.52
OI01626,ORD00651,P0033,4,75.79,0.0,303.16
OI01627,ORD00652,P0052,3,82.52,0.1,222.8
OI01628,ORD00652,P0009,2,80.73,0.0,161.46
OI01629,ORD00653,P0036,1,163.66,0.05,155.48
OI01630,ORD00653,P0011,5,126.96,0.0,634.8
OI01631,ORD00653,P0005,5,164.14,0.0,820.7
OI01632,ORD00654,P0035,5,31.46,0.0,157.3
OI01633,ORD00654,P0023,2,74.28,0.1,133.7
OI01634,ORD00654,P0040,2,76.18,0.05,144.74
OI01635,ORD00654,P0028,4,178.03,0.05,676.51
OI01636,ORD00655,P0039,5,152.53,0.1,686.38
OI01637,ORD00655,P0017,5,28.31,0.05,134.47
OI01638,ORD00655,P0039,2,152.53,0.15,259.3
OI01639,ORD00656,P0011,1,126.96,0.0,126.96
OI01640,ORD00657,P0031,4,89.19,0.0,356.76
OI01641,ORD00657,P0044,2,191.46,0.0,382.92
OI01642,ORD00658,P0045,1,214.4,0.05,203.68
OI01643,ORD00658,P0010,1,99.31,0.0,99.31
OI01644,ORD00659,P0027,3,271.32,0.1,732.56
OI01645,ORD00660,P0026,4,266.63,0.1,959.87
OI01646,ORD00660,P0002,1,188.83,0.0,188.83
OI01647,ORD00660,P0019,1,65.06,0.15,55.3
OI01648,ORD00660,P0045,3,214.4,0.0,643.2
OI01649,ORD00661,P0040,3,76.18,0.15,194.26
OI01650,ORD00661,P0049,4,126.91,0.05,482.26
OI01651,ORD00661,P0017,4,28.31,0.15,96.25
OI01652,ORD00661,P0040,4,76.18,0.0,304.72
OI01653,ORD00662,P0023,5,74.28,0.05,352.83
OI01654,ORD00662,P0060,5,222.4,0.15,945.2
OI01655,ORD00662,P0025,4,117.02,0.0,468.08
OI01656,ORD00663,P0038,1,193.13,0.05,183.47
OI01657,ORD00664,P0059,2,168.92,0.15,287.16
OI01658,ORD00664,P0054,4,117.19,0.0,468.76
OI01659,ORD00665,P0052,4,82.52,0.1,297.07
OI01660,ORD00665,P0039,5,152.53,0.0,762.65
OI01661,ORD00665,P0043,3,74.83,0.1,202.04
OI01662,ORD00666,P0026,4,266.63,0.1,959.87
OI01663,ORD00666,P0018,1,269.2,0.1,242.28
OI01664,ORD00667,P0030,2,17.27,0.1,31.09
OI01665,ORD00667,P0024,5,82.33,0.0,411.65
OI01666,ORD00668,P0040,1,76.18,0.1,68.56
OI01667,ORD00668,P0052,3,82.52,0.05,235.18
OI01668,ORD00668,P0010,4,99.31,0.15,337.65
OI01669,ORD00668,P0059,3,168.92,0.15,430.75
OI01670,ORD00669,P0019,2,65.06,0.0,130.12
OI01671,ORD00669,P0059,4,168.92,0.05,641.9
OI01672,ORD00669,P0025,3,117.02,0.15,298.4
OI01673,ORD00670,P0033,1,75.79,0.0,75.79
OI01674,ORD00671,P0010,4,99.31,0.0,397.24
OI01675,ORD00671,P0035,1,31.46,0.05,29.89
OI01676,ORD00671,P0026,1,266.63,0.0,266.63
OI01677,ORD00672,P0005,2,164.14,0.15,279.04
OI01678,ORD00672,P0050,4,11.57,0.1,41.65
OI01679,ORD00672,P0025,4,117.02,0.05,444.68
OI01680,ORD00673,P0046,1,39.88,0.1,35.89
OI01681,ORD00673,P0018,5,269.2,0.15,1144.1
OI01682,ORD00674,P0054,4,117.19,0.15,398.45
OI01683,ORD00675,P0022,3,19.3,0.0,57.9
OI01684,ORD00675,P0039,2,152.53,0.05,289.81
OI01685,ORD00676,P0011,3,126.96,0.05,361.84
OI01686,ORD00676,P0031,2,89.19,0.0,178.38
OI01687,ORD00676,P0022,2,19.3,0.15,32.81
OI01688,ORD00676,P0033,4,75.79,0.0,303.16
OI01689,ORD00677,P0052,5,82.52,0.15,350.71
OI01690,ORD00677,P0017,2,28.31,0.05,53.79
OI01691,ORD00678,P0054,1,117.19,0.0,117.19
OI01692,ORD00678,P0014,1,55.53,0.1,49.98
OI01693,ORD00679,P0011,4,126.96,0.0,507.84
OI01694,ORD00679,P0042,4,68.75,0.15,233.75
OI01695,ORD00679,P0058,2,184.34,0.15,313.38
OI01696,ORD00679,P0019,5,65.06,0.0,325.3
OI01697,ORD00680,P0046,1,39.88,0.1,35.89
OI01698,ORD00680,P0043,2,74.83,0.15,127.21
OI01699,ORD00680,P0053,2,196.29,0.0,392.58
OI01700,ORD00680,P0057,4,259.5,0.05,986.1
OI01701,ORD00681,P0050,4,11.57,0.0,46.28
OI01702,ORD00681,P0029,2,24.91,0.0,49.82
OI01703,ORD00682,P0010,1,99.31,0.0,99.31
OI01704,ORD00682,P0042,3,68.75,0.0,206.25
OI01705,ORD00683,P0031,4,89.19,0.15,303.25
OI01706,ORD00683,P0021,4,36.81,0.05,139.88
OI01707,ORD00684,P0045,1,214.4,0.0,214.4
OI01708,ORD00684,P0019,1,65.06,0.0,65.06
OI01709,ORD00684,P0011,5,126.96,0.15,539.58
OI01710,ORD00685,P0042,3,68.75,0.1,185.62
OI01711,ORD00685,P0035,4,31.46,0.1,113.26
OI01712,ORD00685,P0050,5,11.57,0.05,54.96
OI01713,ORD00685,P0048,1,189.24,0.0,189.24
OI01714,ORD00686,P0051,2,16.51,0.0,33.02
OI01715,ORD00686,P0020,5,164.66,0.1,740.97
OI01716,ORD00686,P0027,1,271.32,0.0,271.32
OI01717,ORD00686,P0055,4,49.93,0.05,189.73
OI01718,ORD00687,P0025,1,117.02,0.1,105.32
OI01719,ORD00687,P0055,4,49.93,0.15,169.76
OI01720,ORD00688,P0022,4,19.3,0.0,77.2
OI01721,ORD00688,P0006,4,15.78,0.05,59.96
OI01722,ORD00688,P0044,1,191.46,0.1,172.31
OI01723,ORD00688,P0018,2,269.2,0.1,484.56
OI01724,ORD00689,P0013,1,130.8,0.0,130.8
OI01725,ORD00689,P0033,1,75.79,0.05,72.0
OI01726,ORD00689,P0010,3,99.31,0.1,268.14
OI01727,ORD00689,P0007,2,177.14,0.05,336.57
OI01728,ORD00690,P0013,5,130.8,0.0,654.0
OI01729,ORD00690,P0029,5,24.91,0.0,124.55
OI01730,ORD00691,P0016,1,128.27,0.1,115.44
OI01731,ORD00692,P0029,4,24.91,0.05,94.66
OI01732,ORD00692,P0023,2,74.28,0.05,141.13
OI01733,ORD00692,P0003,5,37.76,0.1,169.92
OI01734,ORD00692,P0001,4,116.43,0.05,442.43
OI01735,ORD00693,P0051,4,16.51,0.0,66.04
OI01736,ORD00693,P0030,2,17.27,0.0,34.54
OI01737,ORD00694,P0022,2,19.3,0.1,34.74
OI01738,ORD00695,P0012,1,72.21,0.15,61.38
OI01739,ORD00695,P0008,5,43.51,0.0,217.55
OI01740,ORD00695,P0048,5,189.24,0.1,851.58
OI01741,ORD00695,P0030,3,17.27,0.05,49.22
OI01742,ORD00696,P0011,5,126.96,0.15,539.58
OI01743,ORD00696,P0014,1,55.53,0.0,55.53
OI01744,ORD00697,P0025,4,117.02,0.15,397.87
OI01745,ORD00697,P0031,4,89.19,0.1,321.08
OI01746,ORD00697,P0035,2,31.46,0.05,59.77
OI01747,ORD00697,P0016,1,128.27,0.0,128.27
OI01748,ORD00698,P0012,4,72.21,0.1,259.96
OI01749,ORD00698,P0029,5,24.91,0.05,118.32
OI01750,ORD00699,P0037,5,10.8,0.0,54.0
OI01751,ORD00699,P0054,3,117.19,0.0,351.57
OI01752,ORD00699,P0013,4,130.8,0.0,523.2
OI01753,ORD00700,P0043,5,74.83,0.15,318.03
OI01754,ORD00700,P0041,3,223.53,0.1,603.53
OI01755,ORD00700,P0018,1,269.2,0.0,269.2
OI01756,ORD00701,P0006,3,15.78,0.0,47.34
OI01757,ORD00701,P0051,1,16.51,0.1,14.86
OI01758,ORD00701,P0006,4,15.78,0.05,59.96
OI01759,ORD00701,P0043,4,74.83,0.1,269.39
OI01760,ORD00702,P0021,4,36.81,0.0,147.24
OI01761,ORD00702,P0015,5,116.79,0.0,583.95
OI01762,ORD00702,P0050,1,11.57,0.15,9.83
OI01763,ORD00703,P0036,2,163.66,0.1,294.59
OI01764,ORD00703,P0002,4,188.83,0.15,642.02
OI01765,ORD00704,P0012,4,72.21,0.0,288.84
OI01766,ORD00704,P0004,3,25.49,0.0,76.47
OI01767,ORD00704,P0009,5,80.73,0.05,383.47
OI01768,ORD00705,P0016,2,128.27,0.15,218.06
OI01769,ORD00705,P0059,1,168.92,0.15,143.58
OI01770,ORD00705,P0020,3,164.66,0.0,493.98
OI01771,ORD00705,P0033,1,75.79,0.15,64.42
OI01772,ORD00706,P0038,4,193.13,0.05,733.89
OI01773,ORD00706,P0059,4,168.92,0.15,574.33
OI01774,ORD00706,P0037,3,10.8,0.05,30.78
OI01775,ORD00707,P0012,4,72.21,0.15,245.51
OI01776,ORD00708,P0043,4,74.83,0.0,299.32
OI01777,ORD00708,P0052,5,82.52,0.0,412.6
OI01778,ORD00708,P0024,2,82.33,0.05,156.43
OI01779,ORD00708,P0043,1,74.83,0.1,67.35
OI01780,ORD00709,P0023,5,74.28,0.0,371.4
OI01781,ORD00710,P0004,2,25.49,0.05,48.43
OI01782,ORD00710,P0005,5,164.14,0.0,820.7
OI01783,ORD00711,P0036,1,163.66,0.15,139.11
OI01784,ORD00711,P0001,1,116.43,0.05,110.61
OI01785,ORD00711,P0023,1,74.28,0.15,63.14
OI01786,ORD00712,P0049,5,126.91,0.0,634.55
OI01787,ORD00712,P0028,2,178.03,0.1,320.45
OI01788,ORD00712,P0042,2,68.75,0.05,130.62
OI01789,ORD00712,P0034,5,47.09,0.1,211.91
OI01790,ORD00713,P0049,4,126.91,0.1,456.88
OI01791,ORD00713,P0017,4,28.31,0.15,96.25
OI01792,ORD00713,P0019,2,65.06,0.0,130.12
OI01793,ORD00713,P0020,2,164.66,0.05,312.85
OI01794,ORD00714,P0057,2,259.5,0.0,519.0
OI01795,ORD00714,P0014,1,55.53,0.1,49.98
OI01796,ORD00714,P0033,5,75.79,0.0,378.95
OI01797,ORD00715,P0026,2,266.63,0.15,453.27
OI01798,ORD00715,P0060,4,222.4,0.0,889.6
OI01799,ORD00716,P0033,1,75.79,0.15,64.42
OI01800,ORD00716,P0014,3,55.53,0.05,158.26
OI01801,ORD00716,P0035,3,31.46,0.0,94.38
OI01802,ORD00717,P0009,1,80.73,0.0,80.73
OI01803,ORD00718,P0054,5,117.19,0.05,556.65
OI01804,ORD00718,P0059,3,168.92,0.0,506.76
OI01805,ORD00718,P0027,1,271.32,0.15,230.62
OI01806,ORD00719,P0026,4,266.63,0.05,1013.19
OI01807,ORD00719,P0027,4,271.32,0.15,922.49
OI01808,ORD00719,P0059,4,168.92,0.0,675.68
OI01809,ORD00719,P0013,1,130.8,0.1,117.72
OI01810,ORD00720,P0034,2,47.09,0.15,80.05
OI01811,ORD00720,P0020,3,164.66,0.0,493.98
OI01812,ORD00720,P0017,2,28.31,0.0,56.62
OI01813,ORD00721,P0029,5,24.91,0.05,118.32
OI01814,ORD00721,P0030,1,17.27,0.05,16.41
OI01815,ORD00722,P0002,5,188.83,0.0,944.15
OI01816,ORD00722,P0034,3,47.09,0.0,141.27
OI01817,ORD00723,P0011,3,126.96,0.1,342.79
OI01818,ORD00723,P0041,2,223.53,0.1,402.35
OI01819,ORD00723,P0027,4,271.32,0.0,1085.28
OI01820,ORD00723,P0046,4,39.88,0.15,135.59
OI01821,ORD00724,P0011,2,126.96,0.1,228.53
OI01822,ORD00725,P0036,3,163.66,0.1,441.88
OI01823,ORD00725,P0035,2,31.46,0.05,59.77
OI01824,ORD00725,P0050,5,11.57,0.0,57.85
OI01825,ORD00725,P0005,1,164.14,0.0,164.14
OI01826,ORD00726,P0041,3,223.53,0.05,637.06
OI01827,ORD00726,P0056,3,64.45,0.15,164.35
OI01828,ORD00727,P0010,5,99.31,0.0,496.55
OI01829,ORD00727,P0008,2,43.51,0.1,78.32
OI01830,ORD00728,P0012,1,72.21,0.05,68.6
OI01831,ORD00728,P0024,4,82.33,0.15,279.92
OI01832,ORD00728,P0014,2,55.53,0.15,94.4
OI01833,ORD00729,P0004,1,25.49,0.0,25.49
OI01834,ORD00729,P0013,1,130.8,0.15,111.18
OI01835,ORD00730,P0025,1,117.02,0.1,105.32
OI01836,ORD00730,P0040,1,76.18,0.15,64.75
OI01837,ORD00730,P0047,3,192.68,0.0,578.04
OI01838,ORD00731,P0026,3,266.63,0.0,799.89
OI01839,ORD00731,P0026,2,266.63,0.0,533.26
OI01840,ORD00732,P0029,2,24.91,0.1,44.84
OI01841,ORD00732,P0034,4,47.09,0.05,178.94
OI01842,ORD00732,P0053,4,196.29,0.05,745.9
OI01843,ORD00733,P0003,3,37.76,0.15,96.29
OI01844,ORD00733,P0057,2,259.5,0.0,519.0
OI01845,ORD00733,P0032,1,189.95,0.1,170.96
OI01846,ORD00734,P0034,1,47.09,0.1,42.38
OI01847,ORD00735,P0030,2,17.27,0.1,31.09
OI01848,ORD00736,P0054,3,117.19,0.0,351.57
OI01849,ORD00737,P0009,4,80.73,0.05,306.77
OI01850,ORD00737,P0059,4,168.92,0.0,675.68
OI01851,ORD00738,P0040,1,76.18,0.0,76.18
OI01852,ORD00738,P0020,3,164.66,0.05,469.28
OI01853,ORD00739,P0046,1,39.88,0.0,39.88
OI01854,ORD00739,P0038,5,193.13,0.0,965.65
OI01855,ORD00740,P0044,4,191.46,0.0,765.84
OI01856,ORD00740,P0010,3,99.31,0.1,268.14
OI01857,ORD00741,P0051,3,16.51,0.0,49.53
OI01858,ORD00741,P0008,1,43.51,0.0,43.51
OI01859,ORD00742,P0002,3,188.83,0.15,481.52
OI01860,ORD00742,P0015,1,116.79,0.1,105.11
OI01861,ORD00742,P0003,3,37.76,0.0,113.28
OI01862,ORD00742,P0003,3,37.76,0.1,101.95
OI01863,ORD00743,P0058,4,184.34,0.05,700.49
OI01864,ORD00743,P0046,1,39.88,0.0,39.88
OI01865,ORD00743,P0013,2,130.8,0.15,222.36
OI01866,ORD00744,P0037,4,10.8,0.0,43.2
OI01867,ORD00744,P0037,2,10.8,0.05,20.52
OI01868,ORD00745,P0042,4,68.75,0.0,275.0
OI01869,ORD00745,P0051,5,16.51,0.0,82.55
OI01870,ORD00746,P0047,2,192.68,0.1,346.82
OI01871,ORD00747,P0038,5,193.13,0.0,965.65
OI01872,ORD00747,P0010,1,99.31,0.15,84.41
OI01873,ORD00748,P0047,4,192.68,0.0,770.72
OI01874,ORD00748,P0059,4,168.92,0.1,608.11
OI01875,ORD00748,P0050,1,11.57,0.0,11.57
OI01876,ORD00749,P0024,1,82.33,0.1,74.1
OI01877,ORD00750,P0017,5,28.31,0.05,134.47
OI01878,ORD00750,P0022,4,19.3,0.1,69.48
OI01879,ORD00750,P0038,4,193.13,0.15,656.64
OI01880,ORD00750,P0054,1,117.19,0.05,111.33
OI01881,ORD00751,P0015,1,116.79,0.15,99.27
OI01882,ORD00752,P0020,5,164.66,0.0,823.3
OI01883,ORD00752,P0013,5,130.8,0.0,654.0
OI01884,ORD00752,P0016,3,128.27,0.0,384.81
OI01885,ORD00752,P0037,2,10.8,0.1,19.44
OI01886,ORD00753,P0013,5,130.8,0.0,654.0
OI01887,ORD00754,P0003,3,37.76,0.1,101.95
OI01888,ORD00754,P0022,2,19.3,0.05,36.67
OI01889,ORD00754,P0050,2,11.57,0.05,21.98
OI01890,ORD00754,P0031,1,89.19,0.1,80.27
OI01891,ORD00755,P0013,4,130.8,0.1,470.88
OI01892,ORD00755,P0030,4,17.27,0.0,69.08
OI01893,ORD00755,P0011,3,126.96,0.0,380.88
OI01894,ORD00756,P0050,2,11.57,0.15,19.67
OI01895,ORD00756,P0022,4,19.3,0.15,65.62
OI01896,ORD00756,P0047,4,192.68,0.05,732.18
OI01897,ORD00757,P0036,5,163.66,0.1,736.47
OI01898,ORD00757,P0039,1,152.53,0.0,152.53
OI01899,ORD00758,P0052,3,82.52,0.15,210.43
OI01900,ORD00759,P0048,5,189.24,0.15,804.27
OI01901,ORD00759,P0025,3,117.02,0.05,333.51
OI01902,ORD00760,P0038,3,193.13,0.15,492.48
OI01903,ORD00760,P0038,1,193.13,0.0,193.13
OI01904,ORD00761,P0022,3,19.3,0.0,57.9
OI01905,ORD00761,P0037,1,10.8,0.0,10.8
OI01906,ORD00762,P0011,2,126.96,0.1,228.53
OI01907,ORD00762,P0002,1,188.83,0.05,179.39
OI01908,ORD00762,P0042,4,68.75,0.15,233.75
OI01909,ORD00763,P0058,2,184.34,0.05,350.25
OI01910,ORD00763,P0011,5,126.96,0.0,634.8
OI01911,ORD00764,P0055,3,49.93,0.05,142.3
OI01912,ORD00764,P0032,2,189.95,0.0,379.9
OI01913,ORD00764,P0001,4,116.43,0.05,442.43
OI01914,ORD00765,P0013,3,130.8,0.0,392.4
OI01915,ORD00765,P0035,2,31.46,0.0,62.92
OI01916,ORD00765,P0032,3,189.95,0.0,569.85
OI01917,ORD00765,P0011,5,126.96,0.0,634.8
OI01918,ORD00766,P0051,1,16.51,0.05,15.68
OI01919,ORD00766,P0060,1,222.4,0.1,200.16
OI01920,ORD00767,P0012,1,72.21,0.0,72.21
OI01921,ORD00767,P0017,3,28.31,0.0,84.93
OI01922,ORD00767,P0005,1,164.14,0.05,155.93
OI01923,ORD00767,P0039,2,152.53,0.15,259.3
OI01924,ORD00768,P0046,5,39.88,0.0,199.4
OI01925,ORD00768,P0045,4,214.4,0.05,814.72
OI01926,ORD00768,P0007,1,177.14,0.05,168.28
OI01927,ORD00768,P0028,4,178.03,0.0,712.12
OI01928,ORD00769,P0035,1,31.46,0.1,28.31
OI01929,ORD00769,P0010,4,99.31,0.0,397.24
OI01930,ORD00769,P0011,2,126.96,0.0,253.92
OI01931,ORD00769,P0054,5,117.19,0.15,498.06
OI01932,ORD00770,P0043,3,74.83,0.0,224.49
OI01933,ORD00771,P0036,3,163.66,0.05,466.43
OI01934,ORD00771,P0009,5,80.73,0.05,383.47
OI01935,ORD00772,P0031,3,89.19,0.05,254.19
OI01936,ORD00772,P0004,2,25.49,0.15,43.33
OI01937,ORD00772,P0057,5,259.5,0.15,1102.88
OI01938,ORD00772,P0035,3,31.46,0.1,84.94
OI01939,ORD00773,P0011,1,126.96,0.15,107.92
OI01940,ORD00773,P0033,1,75.79,0.1,68.21
OI01941,ORD00773,P0022,2,19.3,0.0,38.6
OI01942,ORD00773,P0035,1,31.46,0.05,29.89
OI01943,ORD00774,P0002,5,188.83,0.05,896.94
OI01944,ORD00774,P0028,5,178.03,0.05,845.64
OI01945,ORD00775,P0007,5,177.14,0.0,885.7
OI01946,ORD00775,P0006,5,15.78,0.15,67.06
OI01947,ORD00775,P0025,1,117.02,0.15,99.47
OI01948,ORD00776,P0021,3,36.81,0.1,99.39
OI01949,ORD00776,P0014,5,55.53,0.05,263.77
OI01950,ORD00776,P0009,2,80.73,0.0,161.46
OI01951,ORD00777,P0002,2,188.83,0.15,321.01
OI01952,ORD00777,P0054,4,117.19,0.0,468.76
OI01953,ORD00777,P0020,5,164.66,0.0,823.3
OI01954,ORD00778,P0018,4,269.2,0.15,915.28
OI01955,ORD00778,P0037,2,10.8,0.0,21.6
OI01956,ORD00778,P0021,4,36.81,0.0,147.24
OI01957,ORD00778,P0021,5,36.81,0.0,184.05
OI01958,ORD00779,P0015,2,116.79,0.0,233.58
OI01959,ORD00780,P0038,3,193.13,0.1,521.45
OI01960,ORD00780,P0049,2,126.91,0.1,228.44
OI01961,ORD00781,P0023,4,74.28,0.0,297.12
OI01962,ORD00781,P0029,3,24.91,0.05,70.99
OI01963,ORD00782,P0017,3,28.31,0.0,84.93
OI01964,ORD00782,P0012,3,72.21,0.05,205.8
OI01965,ORD00783,P0027,5,271.32,0.0,1356.6
OI01966,ORD00783,P0019,2,65.06,0.05,123.61
OI01967,ORD00783,P0007,4,177.14,0.0,708.56
OI01968,ORD00783,P0019,2,65.06,0.15,110.6
OI01969,ORD00784,P0058,4,184.34,0.0,737.36
OI01970,ORD00784,P0024,2,82.33,0.0,164.66
OI01971,ORD00785,P0030,2,17.27,0.0,34.54
OI01972,ORD00786,P0046,4,39.88,0.15,135.59
OI01973,ORD00786,P0014,4,55.53,0.05,211.01
OI01974,ORD00786,P0060,1,222.4,0.0,222.4
OI01975,ORD00786,P0023,2,74.28,0.1,133.7
OI01976,ORD00787,P0032,5,189.95,0.05,902.26
OI01977,ORD00787,P0020,3,164.66,0.15,419.88
OI01978,ORD00788,P0012,4,72.21,0.05,274.4
OI01979,ORD00788,P0028,3,178.03,0.1,480.68
OI01980,ORD00788,P0032,5,189.95,0.0,949.75
OI01981,ORD00789,P0048,5,189.24,0.0,946.2
OI01982,ORD00789,P0054,2,117.19,0.0,234.38
OI01983,ORD00789,P0005,5,164.14,0.0,820.7
OI01984,ORD00789,P0038,4,193.13,0.1,695.27
OI01985,ORD00790,P0027,5,271.32,0.0,1356.6
OI01986,ORD00790,P0033,4,75.79,0.15,257.69
OI01987,ORD00791,P0037,1,10.8,0.0,10.8
OI01988,ORD00792,P0010,1,99.31,0.15,84.41
OI01989,ORD00792,P0010,3,99.31,0.0,297.93
OI01990,ORD00793,P0003,2,37.76,0.15,64.19
OI01991,ORD00793,P0025,3,117.02,0.15,298.4
OI01992,ORD00794,P0014,4,55.53,0.15,188.8
OI01993,ORD00794,P0031,5,89.19,0.0,445.95
OI01994,ORD00794,P0034,5,47.09,0.0,235.45
OI01995,ORD00794,P0050,1,11.57,0.0,11.57
OI01996,ORD00795,P0049,4,126.91,0.1,456.88
OI01997,ORD00795,P0018,5,269.2,0.0,1346.0
OI01998,ORD00795,P0029,1,24.91,0.15,21.17
OI01999,ORD00796,P0008,1,43.51,0.05,41.33
OI02000,ORD00796,P0018,2,269.2,0.0,538.4
OI02001,ORD00797,P0025,4,117.02,0.1,421.27
OI02002,ORD00798,P0014,3,55.53,0.1,149.93
OI02003,ORD00799,P0022,2,19.3,0.05,36.67
OI02004,ORD00799,P0036,1,163.66,0.15,139.11
OI02005,ORD00799,P0032,5,189.95,0.0,949.75
OI02006,ORD00800,P0028,5,178.03,0.0,890.15
OI02007,ORD00800,P0027,3,271.32,0.1,732.56
OI02008,ORD00801,P0022,4,19.3,0.05,73.34
OI02009,ORD00801,P0060,3,222.4,0.0,667.2
OI02010,ORD00802,P0012,3,72.21,0.15,184.14
OI02011,ORD00802,P0037,1,10.8,0.0,10.8
OI02012,ORD00803,P0028,2,178.03,0.0,356.06
OI02013,ORD00803,P0018,1,269.2,0.1,242.28
OI02014,ORD00803,P0048,5,189.24,0.1,851.58
OI02015,ORD00804,P0036,2,163.66,0.1,294.59
OI02016,ORD00804,P0045,5,214.4,0.15,911.2
OI02017,ORD00804,P0030,4,17.27,0.1,62.17
OI02018,ORD00804,P0026,3,266.63,0.05,759.9
OI02019,ORD00805,P0022,2,19.3,0.0,38.6
OI02020,ORD00805,P0006,3,15.78,0.0,47.34
OI02021,ORD00805,P0018,5,269.2,0.0,1346.0
OI02022,ORD00805,P0013,3,130.8,0.0,392.4
OI02023,ORD00806,P0029,4,24.91,0.0,99.64
OI02024,ORD00806,P0025,4,117.02,0.1,421.27
OI02025,ORD00807,P0026,5,266.63,0.0,1333.15
OI02026,ORD00807,P0046,1,39.88,0.0,39.88
OI02027,ORD00807,P0054,4,117.19,0.0,468.76
OI02028,ORD00808,P0048,3,189.24,0.05,539.33
OI02029,ORD00808,P0023,3,74.28,0.15,189.41
OI02030,ORD00809,P0016,1,128.27,0.15,109.03
OI02031,ORD00810,P0012,4,72.21,0.05,274.4
OI02032,ORD00811,P0020,1,164.66,0.15,139.96
OI02033,ORD00811,P0041,1,223.53,0.05,212.35
OI02034,ORD00812,P0042,3,68.75,0.1,185.62
OI02035,ORD00813,P0031,1,89.19,0.0,89.19
OI02036,ORD00813,P0051,2,16.51,0.05,31.37
OI02037,ORD00813,P0057,2,259.5,0.1,467.1
OI02038,ORD00813,P0036,2,163.66,0.0,327.32
OI02039,ORD00814,P0016,3,128.27,0.05,365.57
OI02040,ORD00815,P0029,1,24.91,0.1,22.42
OI02041,ORD00815,P0054,5,117.19,0.1,527.36
OI02042,ORD00816,P0035,2,31.46,0.05,59.77
OI02043,ORD00817,P0009,3,80.73,0.1,217.97
OI02044,ORD00817,P0057,4,259.5,0.15,882.3
OI02045,ORD00818,P0002,4,188.83,0.1,679.79
OI02046,ORD00818,P0026,5,266.63,0.0,1333.15
OI02047,ORD00818,P0020,5,164.66,0.15,699.8
OI02048,ORD00819,P0037,1,10.8,0.15,9.18
OI02049,ORD00820,P0039,4,152.53,0.1,549.11
OI02050,ORD00820,P0002,4,188.83,0.05,717.55
OI02051,ORD00821,P0031,3,89.19,0.05,254.19
OI02052,ORD00821,P0054,4,117.19,0.0,468.76
OI02053,ORD00822,P0002,3,188.83,0.0,566.49
OI02054,ORD00823,P0011,3,126.96,0.1,342.79
OI02055,ORD00823,P0019,3,65.06,0.05,185.42
OI02056,ORD00823,P0043,3,74.83,0.1,202.04
OI02057,ORD00823,P0056,3,64.45,0.0,193.35
OI02058,ORD00824,P0043,5,74.83,0.15,318.03
OI02059,ORD00824,P0021,4,36.81,0.05,139.88
OI02060,ORD00824,P0032,1,189.95,0.0,189.95
OI02061,ORD00825,P0012,2,72.21,0.15,122.76
OI02062,ORD00825,P0048,2,189.24,0.1,340.63
OI02063,ORD00825,P0001,3,116.43,0.1,314.36
OI02064,ORD00826,P0005,4,164.14,0.1,590.9
OI02065,ORD00826,P0051,1,16.51,0.15,14.03
OI02066,ORD00826,P0014,2,55.53,0.0,111.06
OI02067,ORD00826,P0035,5,31.46,0.05,149.44
OI02068,ORD00827,P0002,2,188.83,0.0,377.66
OI02069,ORD00827,P0056,5,64.45,0.05,306.14
OI02070,ORD00827,P0008,1,43.51,0.0,43.51
OI02071,ORD00827,P0003,4,37.76,0.05,143.49
OI02072,ORD00828,P0019,4,65.06,0.05,247.23
OI02073,ORD00828,P0012,5,72.21,0.0,361.05
OI02074,ORD00828,P0055,3,49.93,0.05,142.3
OI02075,ORD00828,P0023,3,74.28,0.15,189.41
OI02076,ORD00829,P0038,1,193.13,0.15,164.16
OI02077,ORD00829,P0032,2,189.95,0.1,341.91
OI02078,ORD00829,P0016,3,128.27,0.0,384.81
OI02079,ORD00830,P0028,3,178.03,0.0,534.09
OI02080,ORD00830,P0028,5,178.03,0.0,890.15
OI02081,ORD00831,P0022,1,19.3,0.15,16.4
OI02082,ORD00831,P0028,4,178.03,0.1,640.91
OI02083,ORD00832,P0016,4,128.27,0.0,513.08
OI02084,ORD00832,P0032,2,189.95,0.0,379.9
OI02085,ORD00832,P0023,1,74.28,0.0,74.28
OI02086,ORD00832,P0013,5,130.8,0.0,654.0
OI02087,ORD00833,P0003,3,37.76,0.1,101.95
OI02088,ORD00833,P0040,1,76.18,0.1,68.56
OI02089,ORD00833,P0029,1,24.91,0.15,21.17
OI02090,ORD00834,P0020,3,164.66,0.05,469.28
OI02091,ORD00834,P0012,1,72.21,0.05,68.6
OI02092,ORD00835,P0055,1,49.93,0.0,49.93
OI02093,ORD00835,P0055,4,49.93,0.0,199.72
OI02094,ORD00835,P0021,1,36.81,0.05,34.97
OI02095,ORD00836,P0053,4,196.29,0.0,785.16
OI02096,ORD00836,P0021,3,36.81,0.0,110.43
OI02097,ORD00836,P0012,1,72.21,0.05,68.6
OI02098,ORD00836,P0050,4,11.57,0.0,46.28
OI02099,ORD00837,P0021,5,36.81,0.0,184.05
OI02100,ORD00837,P0010,3,99.31,0.1,268.14
OI02101,ORD00837,P0048,5,189.24,0.05,898.89
OI02102,ORD00838,P0027,2,271.32,0.05,515.51
OI02103,ORD00838,P0029,3,24.91,0.15,63.52
OI02104,ORD00839,P0029,2,24.91,0.1,44.84
OI02105,ORD00839,P0058,4,184.34,0.0,737.36
OI02106,ORD00840,P0009,2,80.73,0.0,161.46
OI02107,ORD00840,P0028,3,178.03,0.15,453.98
OI02108,ORD00840,P0018,5,269.2,0.15,1144.1
OI02109,ORD00840,P0020,2,164.66,0.05,312.85
OI02110,ORD00841,P0052,3,82.52,0.0,247.56
OI02111,ORD00841,P0027,2,271.32,0.05,515.51
OI02112,ORD00842,P0056,5,64.45,0.05,306.14
OI02113,ORD00843,P0050,2,11.57,0.05,21.98
OI02114,ORD00843,P0011,3,126.96,0.0,380.88
OI02115,ORD00843,P0002,5,188.83,0.15,802.53
OI02116,ORD00844,P0034,4,47.09,0.0,188.36
OI02117,ORD00844,P0041,2,223.53,0.0,447.06
OI02118,ORD00845,P0053,1,196.29,0.0,196.29
OI02119,ORD00845,P0038,5,193.13,0.0,965.65
OI02120,ORD00845,P0059,3,168.92,0.0,506.76
OI02121,ORD00846,P0033,1,75.79,0.15,64.42
OI02122,ORD00847,P0055,4,49.93,0.15,169.76
OI02123,ORD00848,P0006,1,15.78,0.0,15.78
OI02124,ORD00848,P0001,3,116.43,0.15,296.9
OI02125,ORD00848,P0053,4,196.29,0.0,785.16
OI02126,ORD00848,P0055,2,49.93,0.1,89.87
OI02127,ORD00849,P0026,4,266.63,0.15,906.54
OI02128,ORD00849,P0055,5,49.93,0.05,237.17
OI02129,ORD00849,P0050,1,11.57,0.05,10.99
OI02130,ORD00850,P0029,2,24.91,0.0,49.82
OI02131,ORD00850,P0053,3,196.29,0.0,588.87
OI02132,ORD00850,P0024,5,82.33,0.0,411.65
OI02133,ORD00851,P0021,5,36.81,0.05,174.85
OI02134,ORD00851,P0054,3,117.19,0.0,351.57
OI02135,ORD00851,P0060,1,222.4,0.0,222.4
OI02136,ORD00852,P0023,2,74.28,0.05,141.13
OI02137,ORD00853,P0016,3,128.27,0.15,327.09
OI02138,ORD00854,P0047,2,192.68,0.05,366.09
OI02139,ORD00854,P0043,4,74.83,0.0,299.32
OI02140,ORD00854,P0056,5,64.45,0.0,322.25
OI02141,ORD00855,P0054,2,117.19,0.1,210.94
OI02142,ORD00855,P0035,1,31.46,0.0,31.46
OI02143,ORD00855,P0052,2,82.52,0.0,165.04
OI02144,ORD00856,P0043,1,74.83,0.05,71.09
OI02145,ORD00856,P0010,2,99.31,0.05,188.69
OI02146,ORD00856,P0008,1,43.51,0.0,43.51
OI02147,ORD00856,P0044,4,191.46,0.0,765.84
OI02148,ORD00857,P0030,5,17.27,0.15,73.4
OI02149,ORD00857,P0044,5,191.46,0.0,957.3
OI02150,ORD00857,P0057,3,259.5,0.15,661.72
OI02151,ORD00858,P0041,2,223.53,0.1,402.35
OI02152,ORD00858,P0045,2,214.4,0.0,428.8
OI02153,ORD00858,P0058,5,184.34,0.15,783.44
OI02154,ORD00858,P0001,3,116.43,0.0,349.29
OI02155,ORD00859,P0006,2,15.78,0.15,26.83
OI02156,ORD00859,P0033,1,75.79,0.05,72.0
OI02157,ORD00860,P0010,5,99.31,0.15,422.07
OI02158,ORD00860,P0037,2,10.8,0.0,21.6
OI02159,ORD00860,P0019,1,65.06,0.1,58.55
OI02160,ORD00860,P0030,2,17.27,0.15,29.36
OI02161,ORD00861,P0049,2,126.91,0.05,241.13
OI02162,ORD00862,P0019,1,65.06,0.15,55.3
OI02163,ORD00862,P0035,3,31.46,0.0,94.38
OI02164,ORD00862,P0016,5,128.27,0.0,641.35
OI02165,ORD00863,P0052,5,82.52,0.1,371.34
OI02166,ORD00863,P0059,5,168.92,0.05,802.37
OI02167,ORD00863,P0001,3,116.43,0.1,314.36
OI02168,ORD00863,P0026,3,266.63,0.1,719.9
OI02169,ORD00864,P0007,1,177.14,0.15,150.57
OI02170,ORD00864,P0010,4,99.31,0.05,377.38
OI02171,ORD00865,P0054,5,117.19,0.15,498.06
OI02172,ORD00865,P0049,1,126.91,0.0,126.91
OI02173,ORD00865,P0005,4,164.14,0.15,558.08
OI02174,ORD00866,P0049,3,126.91,0.0,380.73
OI02175,ORD00866,P0035,2,31.46,0.05,59.77
OI02176,ORD00866,P0018,5,269.2,0.0,1346.0
OI02177,ORD00866,P0005,2,164.14,0.0,328.28
OI02178,ORD00867,P0030,1,17.27,0.05,16.41
OI02179,ORD00867,P0018,2,269.2,0.1,484.56
OI02180,ORD00867,P0007,5,177.14,0.1,797.13
OI02181,ORD00868,P0027,3,271.32,0.1,732.56
OI02182,ORD00868,P0014,4,55.53,0.05,211.01
OI02183,ORD00868,P0037,4,10.8,0.05,41.04
OI02184,ORD00868,P0021,1,36.81,0.0,36.81
OI02185,ORD00869,P0010,4,99.31,0.1,357.52
OI02186,ORD00869,P0045,5,214.4,0.15,911.2
OI02187,ORD00869,P0020,5,164.66,0.05,782.13
OI02188,ORD00869,P0060,3,222.4,0.15,567.12
OI02189,ORD00870,P0003,5,37.76,0.1,169.92
OI02190,ORD00870,P0033,3,75.79,0.15,193.26
OI02191,ORD00870,P0043,4,74.83,0.1,269.39
OI02192,ORD00871,P0020,2,164.66,0.05,312.85
OI02193,ORD00871,P0031,2,89.19,0.0,178.38
OI02194,ORD00871,P0044,5,191.46,0.05,909.44
OI02195,ORD00872,P0031,1,89.19,0.1,80.27
OI02196,ORD00873,P0044,2,191.46,0.1,344.63
OI02197,ORD00874,P0016,4,128.27,0.0,513.08
OI02198,ORD00875,P0037,3,10.8,0.0,32.4
OI02199,ORD00875,P0053,4,196.29,0.05,745.9
OI02200,ORD00875,P0031,3,89.19,0.15,227.43
OI02201,ORD00876,P0031,1,89.19,0.05,84.73
OI02202,ORD00876,P0035,2,31.46,0.15,53.48
OI02203,ORD00876,P0058,3,184.34,0.0,553.02
OI02204,ORD00877,P0002,5,188.83,0.0,944.15
OI02205,ORD00877,P0035,2,31.46,0.15,53.48
OI02206,ORD00878,P0039,2,152.53,0.15,259.3
OI02207,ORD00878,P0027,2,271.32,0.1,488.38
OI02208,ORD00879,P0018,1,269.2,0.1,242.28
OI02209,ORD00880,P0006,3,15.78,0.05,44.97
OI02210,ORD00880,P0009,1,80.73,0.15,68.62
OI02211,ORD00881,P0053,1,196.29,0.1,176.66
OI02212,ORD00881,P0010,5,99.31,0.15,422.07
OI02213,ORD00881,P0052,3,82.52,0.0,247.56
OI02214,ORD00882,P0048,3,189.24,0.1,510.95
OI02215,ORD00883,P0058,1,184.34,0.0,184.34
OI02216,ORD00884,P0060,4,222.4,0.1,800.64
OI02217,ORD00885,P0054,3,117.19,0.05,333.99
OI02218,ORD00885,P0016,2,128.27,0.0,256.54
OI02219,ORD00886,P0007,2,177.14,0.15,301.14
OI02220,ORD00887,P0057,2,259.5,0.05,493.05
OI02221,ORD00887,P0055,2,49.93,0.0,99.86
OI02222,ORD00887,P0032,5,189.95,0.15,807.29
OI02223,ORD00888,P0059,4,168.92,0.1,608.11
OI02224,ORD00888,P0051,3,16.51,0.05,47.05
OI02225,ORD00889,P0009,2,80.73,0.1,145.31
OI02226,ORD00890,P0056,3,64.45,0.0,193.35
OI02227,ORD00890,P0039,3,152.53,0.15,388.95
OI02228,ORD00891,P0005,3,164.14,0.05,467.8
OI02229,ORD00892,P0025,2,117.02,0.05,222.34
OI02230,ORD00892,P0015,5,116.79,0.15,496.36
OI02231,ORD00892,P0011,2,126.96,0.0,253.92
OI02232,ORD00892,P0050,2,11.57,0.05,21.98
OI02233,ORD00893,P0049,3,126.91,0.05,361.69
OI02234,ORD00893,P0046,1,39.88,0.15,33.9
OI02235,ORD00893,P0011,2,126.96,0.1,228.53
OI02236,ORD00894,P0024,5,82.33,0.1,370.48
OI02237,ORD00895,P0016,5,128.27,0.0,641.35
OI02238,ORD00895,P0051,5,16.51,0.0,82.55
OI02239,ORD00896,P0049,2,126.91,0.05,241.13
OI02240,ORD00896,P0034,3,47.09,0.15,120.08
OI02241,ORD00896,P0003,1,37.76,0.05,35.87
OI02242,ORD00896,P0003,5,37.76,0.15,160.48
OI02243,ORD00897,P0018,3,269.2,0.0,807.6
OI02244,ORD00897,P0055,3,49.93,0.15,127.32
OI02245,ORD00898,P0052,4,82.52,0.1,297.07
OI02246,ORD00898,P0048,5,189.24,0.15,804.27
OI02247,ORD00898,P0002,5,188.83,0.1,849.74
OI02248,ORD00898,P0020,1,164.66,0.0,164.66
OI02249,ORD00899,P0040,1,76.18,0.0,76.18
OI02250,ORD00900,P0054,5,117.19,0.15,498.06
OI02251,ORD00900,P0036,2,163.66,0.15,278.22
OI02252,ORD00900,P0006,1,15.78,0.05,14.99
OI02253,ORD00901,P0054,1,117.19,0.15,99.61
OI02254,ORD00902,P0018,3,269.2,0.1,726.84
OI02255,ORD00902,P0032,5,189.95,0.1,854.78
OI02256,ORD00903,P0041,4,223.53,0.1,804.71
OI02257,ORD00903,P0060,5,222.4,0.1,1000.8
OI02258,ORD00903,P0006,3,15.78,0.0,47.34
OI02259,ORD00903,P0053,1,196.29,0.15,166.85
OI02260,ORD00904,P0007,4,177.14,0.0,708.56
OI02261,ORD00904,P0058,3,184.34,0.15,470.07
OI02262,ORD00904,P0049,5,126.91,0.1,571.1
OI02263,ORD00904,P0010,1,99.31,0.15,84.41
OI02264,ORD00905,P0019,3,65.06,0.0,195.18
OI02265,ORD00905,P0020,4,164.66,0.0,658.64
OI02266,ORD00905,P0033,5,75.79,0.0,378.95
OI02267,ORD00906,P0030,4,17.27,0.0,69.08
OI02268,ORD00906,P0018,4,269.2,0.05,1022.96
OI02269,ORD00906,P0009,4,80.73,0.1,290.63
OI02270,ORD00907,P0057,2,259.5,0.05,493.05
OI02271,ORD00907,P0060,4,222.4,0.05,845.12
OI02272,ORD00907,P0057,2,259.5,0.15,441.15
OI02273,ORD00908,P0053,5,196.29,0.0,981.45
OI02274,ORD00909,P0022,4,19.3,0.05,73.34
OI02275,ORD00909,P0028,2,178.03,0.05,338.26
OI02276,ORD00909,P0039,3,152.53,0.0,457.59
OI02277,ORD00910,P0010,3,99.31,0.15,253.24
OI02278,ORD00911,P0016,1,128.27,0.1,115.44
OI02279,ORD00911,P0057,5,259.5,0.15,1102.88
OI02280,ORD00911,P0037,2,10.8,0.0,21.6
OI02281,ORD00911,P0013,2,130.8,0.0,261.6
OI02282,ORD00912,P0032,3,189.95,0.1,512.86
OI02283,ORD00912,P0039,4,152.53,0.15,518.6
OI02284,ORD00912,P0010,3,99.31,0.05,283.03
OI02285,ORD00913,P0009,4,80.73,0.05,306.77
OI02286,ORD00913,P0059,3,168.92,0.0,506.76
OI02287,ORD00913,P0050,3,11.57,0.15,29.5
OI02288,ORD00913,P0019,2,65.06,0.05,123.61
OI02289,ORD00914,P0046,5,39.88,0.05,189.43
OI02290,ORD00915,P0033,3,75.79,0.15,193.26
OI02291,ORD00915,P0055,5,49.93,0.15,212.2
OI02292,ORD00916,P0019,2,65.06,0.0,130.12
OI02293,ORD00916,P0039,5,152.53,0.0,762.65
OI02294,ORD00917,P0035,2,31.46,0.1,56.63
OI02295,ORD00917,P0002,4,188.83,0.1,679.79
OI02296,ORD00918,P0007,4,177.14,0.0,708.56
OI02297,ORD00918,P0022,5,19.3,0.0,96.5
OI02298,ORD00918,P0026,3,266.63,0.05,759.9
OI02299,ORD00919,P0015,3,116.79,0.1,315.33
OI02300,ORD00919,P0024,1,82.33,0.0,82.33
OI02301,ORD00919,P0048,3,189.24,0.0,567.72
OI02302,ORD00920,P0013,3,130.8,0.0,392.4
OI02303,ORD00920,P0033,2,75.79,0.0,151.58
OI02304,ORD00920,P0059,2,168.92,0.15,287.16
OI02305,ORD00921,P0012,2,72.21,0.05,137.2
OI02306,ORD00921,P0036,3,163.66,0.1,441.88
OI02307,ORD00921,P0041,3,223.53,0.0,670.59
OI02308,ORD00921,P0050,3,11.57,0.0,34.71
OI02309,ORD00922,P0030,3,17.27,0.05,49.22
OI02310,ORD00922,P0060,2,222.4,0.1,400.32
OI02311,ORD00922,P0022,3,19.3,0.0,57.9
OI02312,ORD00923,P0046,5,39.88,0.0,199.4
OI02313,ORD00924,P0002,3,188.83,0.15,481.52
OI02314,ORD00925,P0037,2,10.8,0.0,21.6
OI02315,ORD00925,P0035,1,31.46,0.1,28.31
OI02316,ORD00925,P0048,2,189.24,0.1,340.63
OI02317,ORD00926,P0021,5,36.81,0.0,184.05
OI02318,ORD00927,P0041,1,223.53,0.15,190.0
OI02319,ORD00927,P0028,1,178.03,0.1,160.23
OI02320,ORD00927,P0049,2,126.91,0.0,253.82
OI02321,ORD00927,P0024,3,82.33,0.0,246.99
OI02322,ORD00928,P0054,2,117.19,0.05,222.66
OI02323,ORD00929,P0042,3,68.75,0.1,185.62
OI02324,ORD00930,P0010,5,99.31,0.0,496.55
OI02325,ORD00930,P0019,4,65.06,0.1,234.22
OI02326,ORD00931,P0036,3,163.66,0.0,490.98
OI02327,ORD00931,P0024,3,82.33,0.1,222.29
OI02328,ORD00931,P0007,3,177.14,0.0,531.42
OI02329,ORD00932,P0002,3,188.83,0.0,566.49
OI02330,ORD00932,P0023,5,74.28,0.05,352.83
OI02331,ORD00933,P0051,3,16.51,0.0,49.53
OI02332,ORD00933,P0020,2,164.66,0.05,312.85
OI02333,ORD00933,P0040,4,76.18,0.0,304.72
OI02334,ORD00934,P0007,5,177.14,0.05,841.41
OI02335,ORD00935,P0037,5,10.8,0.15,45.9
OI02336,ORD00935,P0015,2,116.79,0.1,210.22
OI02337,ORD00935,P0022,4,19.3,0.0,77.2
OI02338,ORD00936,P0030,1,17.27,0.0,17.27
OI02339,ORD00936,P0057,2,259.5,0.15,441.15
OI02340,ORD00937,P0024,2,82.33,0.0,164.66
OI02341,ORD00937,P0055,4,49.93,0.1,179.75
OI02342,ORD00938,P0046,2,39.88,0.0,79.76
OI02343,ORD00938,P0049,2,126.91,0.0,253.82
OI02344,ORD00938,P0044,4,191.46,0.15,650.96
OI02345,ORD00939,P0027,4,271.32,0.0,1085.28
OI02346,ORD00939,P0021,2,36.81,0.0,73.62
OI02347,ORD00939,P0028,4,178.03,0.0,712.12
OI02348,ORD00939,P0040,5,76.18,0.1,342.81
OI02349,ORD00940,P0044,5,191.46,0.0,957.3
OI02350,ORD00941,P0043,3,74.83,0.1,202.04
OI02351,ORD00941,P0029,4,24.91,0.0,99.64
OI02352,ORD00941,P0022,4,19.3,0.0,77.2
OI02353,ORD00942,P0058,1,184.34,0.15,156.69
OI02354,ORD00942,P0021,2,36.81,0.0,73.62
OI02355,ORD00943,P0010,2,99.31,0.1,178.76
OI02356,ORD00943,P0016,3,128.27,0.15,327.09
OI02357,ORD00943,P0026,3,266.63,0.0,799.89
OI02358,ORD00943,P0039,4,152.53,0.1,549.11
OI02359,ORD00944,P0054,2,117.19,0.05,222.66
OI02360,ORD00944,P0044,3,191.46,0.05,545.66
OI02361,ORD00945,P0031,2,89.19,0.05,169.46
OI02362,ORD00946,P0050,1,11.57,0.0,11.57
OI02363,ORD00946,P0055,3,49.93,0.15,127.32
OI02364,ORD00946,P0058,1,184.34,0.05,175.12
OI02365,ORD00947,P0013,1,130.8,0.1,117.72
OI02366,ORD00947,P0048,1,189.24,0.15,160.85
OI02367,ORD00947,P0016,1,128.27,0.1,115.44
OI02368,ORD00948,P0046,5,39.88,0.05,189.43
OI02369,ORD00948,P0051,4,16.51,0.0,66.04
OI02370,ORD00948,P0002,1,188.83,0.05,179.39
OI02371,ORD00949,P0053,5,196.29,0.0,981.45
OI02372,ORD00950,P0053,5,196.29,0.0,981.45
OI02373,ORD00950,P0012,2,72.21,0.0,144.42
OI02374,ORD00950,P0013,4,130.8,0.15,444.72
OI02375,ORD00951,P0058,5,184.34,0.0,921.7
OI02376,ORD00951,P0030,4,17.27,0.1,62.17
OI02377,ORD00951,P0036,5,163.66,0.1,736.47
OI02378,ORD00952,P0059,5,168.92,0.05,802.37
OI02379,ORD00952,P0006,4,15.78,0.0,63.12
OI02380,ORD00953,P0026,1,266.63,0.1,239.97
OI02381,ORD00954,P0005,1,164.14,0.15,139.52
OI02382,ORD00954,P0049,4,126.91,0.1,456.88
OI02383,ORD00954,P0022,2,19.3,0.15,32.81
OI02384,ORD00955,P0037,2,10.8,0.15,18.36
OI02385,ORD00956,P0034,2,47.09,0.0,94.18
OI02386,ORD00956,P0001,1,116.43,0.15,98.97
OI02387,ORD00957,P0034,3,47.09,0.15,120.08
OI02388,ORD00958,P0013,3,130.8,0.0,392.4
OI02389,ORD00958,P0023,4,74.28,0.0,297.12
OI02390,ORD00958,P0014,3,55.53,0.0,166.59
OI02391,ORD00958,P0050,2,11.57,0.1,20.83
OI02392,ORD00959,P0051,5,16.51,0.0,82.55
OI02393,ORD00959,P0001,3,116.43,0.05,331.83
OI02394,ORD00959,P0006,5,15.78,0.05,74.95
OI02395,ORD00960,P0015,5,116.79,0.05,554.75
OI02396,ORD00960,P0027,2,271.32,0.0,542.64
OI02397,ORD00961,P0034,4,47.09,0.05,178.94
OI02398,ORD00961,P0028,2,178.03,0.05,338.26
OI02399,ORD00961,P0043,3,74.83,0.1,202.04
OI02400,ORD00962,P0022,5,19.3,0.0,96.5
OI02401,ORD00962,P0032,5,189.95,0.15,807.29
OI02402,ORD00963,P0053,5,196.29,0.05,932.38
OI02403,ORD00963,P0056,4,64.45,0.0,257.8
OI02404,ORD00964,P0040,1,76.18,0.0,76.18
OI02405,ORD00964,P0010,4,99.31,0.0,397.24
OI02406,ORD00965,P0016,3,128.27,0.0,384.81
OI02407,ORD00965,P0040,5,76.18,0.05,361.86
OI02408,ORD00965,P0035,5,31.46,0.0,157.3
OI02409,ORD00965,P0045,4,214.4,0.1,771.84
OI02410,ORD00966,P0052,2,82.52,0.05,156.79
OI02411,ORD00966,P0027,1,271.32,0.0,271.32
OI02412,ORD00967,P0034,5,47.09,0.0,235.45
OI02413,ORD00967,P0029,1,24.91,0.1,22.42
OI02414,ORD00968,P0001,4,116.43,0.05,442.43
OI02415,ORD00968,P0014,1,55.53,0.0,55.53
OI02416,ORD00968,P0002,1,188.83,0.0,188.83
OI02417,ORD00969,P0001,3,116.43,0.1,314.36
OI02418,ORD00969,P0017,3,28.31,0.0,84.93
OI02419,ORD00970,P0056,3,64.45,0.1,174.02
OI02420,ORD00970,P0047,4,192.68,0.05,732.18
OI02421,ORD00970,P0051,5,16.51,0.0,82.55
OI02422,ORD00970,P0027,4,271.32,0.05,1031.02
OI02423,ORD00971,P0036,3,163.66,0.0,490.98
OI02424,ORD00971,P0024,4,82.33,0.1,296.39
OI02425,ORD00971,P0036,3,163.66,0.1,441.88
OI02426,ORD00972,P0029,2,24.91,0.0,49.82
OI02427,ORD00972,P0056,1,64.45,0.15,54.78
OI02428,ORD00973,P0026,4,266.63,0.15,906.54
OI02429,ORD00973,P0010,3,99.31,0.05,283.03
OI02430,ORD00974,P0032,2,189.95,0.0,379.9
OI02431,ORD00974,P0027,4,271.32,0.0,1085.28
OI02432,ORD00974,P0030,1,17.27,0.0,17.27
OI02433,ORD00974,P0038,3,193.13,0.0,579.39
OI02434,ORD00975,P0006,1,15.78,0.05,14.99
OI02435,ORD00975,P0007,2,177.14,0.1,318.85
OI02436,ORD00976,P0050,5,11.57,0.1,52.07
OI02437,ORD00976,P0017,4,28.31,0.15,96.25
OI02438,ORD00977,P0035,4,31.46,0.1,113.26
OI02439,ORD00977,P0029,3,24.91,0.0,74.73
OI02440,ORD00978,P0018,5,269.2,0.05,1278.7
OI02441,ORD00979,P0017,5,28.31,0.15,120.32
OI02442,ORD00979,P0043,4,74.83,0.0,299.32
OI02443,ORD00979,P0049,5,126.91,0.1,571.1
OI02444,ORD00980,P0035,1,31.46,0.15,26.74
OI02445,ORD00980,P0038,1,193.13,0.0,193.13
OI02446,ORD00980,P0047,1,192.68,0.0,192.68
OI02447,ORD00981,P0032,3,189.95,0.15,484.37
OI02448,ORD00981,P0057,2,259.5,0.05,493.05
OI02449,ORD00982,P0006,3,15.78,0.0,47.34
OI02450,ORD00982,P0060,2,222.4,0.15,378.08
OI02451,ORD00982,P0050,3,11.57,0.15,29.5
OI02452,ORD00982,P0025,3,117.02,0.1,315.95
OI02453,ORD00983,P0051,1,16.51,0.0,16.51
OI02454,ORD00984,P0031,5,89.19,0.0,445.95
OI02455,ORD00985,P0044,5,191.46,0.0,957.3
OI02456,ORD00985,P0017,1,28.31,0.0,28.31
OI02457,ORD00986,P0034,3,47.09,0.15,120.08
OI02458,ORD00986,P0050,1,11.57,0.05,10.99
OI02459,ORD00986,P0060,2,222.4,0.0,444.8
OI02460,ORD00986,P0040,5,76.18,0.0,380.9
OI02461,ORD00987,P0054,3,117.19,0.05,333.99
OI02462,ORD00987,P0053,5,196.29,0.15,834.23
OI02463,ORD00988,P0051,5,16.51,0.05,78.42
OI02464,ORD00988,P0036,5,163.66,0.05,777.38
OI02465,ORD00989,P0043,4,74.83,0.0,299.32
OI02466,ORD00989,P0001,4,116.43,0.1,419.15
OI02467,ORD00989,P0011,5,126.96,0.05,603.06
OI02468,ORD00990,P0036,4,163.66,0.0,654.64
OI02469,ORD00990,P0058,4,184.34,0.1,663.62
OI02470,ORD00991,P0029,2,24.91,0.0,49.82
OI02471,ORD00991,P0017,2,28.31,0.15,48.13
OI02472,ORD00992,P0045,1,214.4,0.15,182.24
OI02473,ORD00992,P0039,3,152.53,0.05,434.71
OI02474,ORD00993,P0055,4,49.93,0.1,179.75
OI02475,ORD00993,P0049,2,126.91,0.05,241.13
OI02476,ORD00994,P0059,1,168.92,0.0,168.92
OI02477,ORD00995,P0032,5,189.95,0.05,902.26
OI02478,ORD00996,P0015,4,116.79,0.15,397.09
OI02479,ORD00997,P0016,1,128.27,0.1,115.44
OI02480,ORD00997,P0022,3,19.3,0.1,52.11
OI02481,ORD00998,P0022,3,19.3,0.15,49.22
OI02482,ORD00998,P0008,1,43.51,0.1,39.16
OI02483,ORD00998,P0056,5,64.45,0.0,322.25
OI02484,ORD00998,P0031,4,89.19,0.05,338.92
OI02485,ORD00999,P0053,3,196.29,0.0,588.87
OI02486,ORD01000,P0017,5,28.31,0.0,141.55
OI02487,ORD01001,P0012,3,72.21,0.15,184.14
OI02488,ORD01001,P0043,1,74.83,0.0,74.83
OI02489,ORD01002,P0012,3,72.21,0.05,205.8
OI02490,ORD01003,P0036,3,163.66,0.15,417.33
OI02491,ORD01003,P0038,1,193.13,0.0,193.13
OI02492,ORD01004,P0027,2,271.32,0.0,542.64
OI02493,ORD01004,P0037,2,10.8,0.0,21.6
OI02494,ORD01004,P0015,3,116.79,0.15,297.81
OI02495,ORD01005,P0036,3,163.66,0.15,417.33
OI02496,ORD01005,P0021,3,36.81,0.0,110.43
OI02497,ORD01006,P0031,1,89.19,0.0,89.19
OI02498,ORD01006,P0036,5,163.66,0.05,777.38
OI02499,ORD01006,P0018,4,269.2,0.0,1076.8
OI02500,ORD01006,P0044,5,191.46,0.15,813.7
OI02501,ORD01007,P0060,5,222.4,0.0,1112.0
OI02502,ORD01007,P0027,4,271.32,0.0,1085.28
OI02503,ORD01007,P0060,1,222.4,0.0,222.4
OI02504,ORD01008,P0011,4,126.96,0.1,457.06
OI02505,ORD01008,P0015,4,116.79,0.15,397.09
OI02506,ORD01008,P0046,1,39.88,0.15,33.9
OI02507,ORD01009,P0035,1,31.46,0.0,31.46
OI02508,ORD01009,P0051,5,16.51,0.0,82.55
OI02509,ORD01009,P0004,4,25.49,0.0,101.96
OI02510,ORD01009,P0020,5,164.66,0.0,823.3
OI02511,ORD01010,P0049,3,126.91,0.1,342.66
OI02512,ORD01010,P0025,3,117.02,0.05,333.51
OI02513,ORD01010,P0044,4,191.46,0.0,765.84
OI02514,ORD01010,P0023,2,74.28,0.0,148.56
OI02515,ORD01011,P0059,3,168.92,0.1,456.08
OI02516,ORD01011,P0014,4,55.53,0.1,199.91
OI02517,ORD01012,P0034,5,47.09,0.15,200.13
OI02518,ORD01012,P0050,3,11.57,0.05,32.97
OI02519,ORD01012,P0032,5,189.95,0.15,807.29
OI02520,ORD01012,P0020,3,164.66,0.0,493.98
OI02521,ORD01013,P0057,2,259.5,0.15,441.15
OI02522,ORD01013,P0004,2,25.49,0.0,50.98
OI02523,ORD01013,P0040,4,76.18,0.05,289.48
OI02524,ORD01013,P0055,3,49.93,0.15,127.32
OI02525,ORD01014,P0019,5,65.06,0.0,325.3
OI02526,ORD01014,P0003,4,37.76,0.15,128.38
OI02527,ORD01015,P0002,1,188.83,0.15,160.51
OI02528,ORD01015,P0012,1,72.21,0.0,72.21
OI02529,ORD01016,P0046,5,39.88,0.15,169.49
OI02530,ORD01016,P0029,2,24.91,0.0,49.82
OI02531,ORD01016,P0051,1,16.51,0.05,15.68
OI02532,ORD01017,P0001,5,116.43,0.05,553.04
OI02533,ORD01017,P0037,1,10.8,0.05,10.26
OI02534,ORD01017,P0044,3,191.46,0.0,574.38
OI02535,ORD01017,P0043,4,74.83,0.15,254.42
OI02536,ORD01018,P0039,3,152.53,0.1,411.83
OI02537,ORD01018,P0059,3,168.92,0.1,456.08
OI02538,ORD01019,P0038,5,193.13,0.0,965.65
OI02539,ORD01019,P0023,1,74.28,0.0,74.28
OI02540,ORD01019,P0060,5,222.4,0.1,1000.8
OI02541,ORD01020,P0016,3,128.27,0.1,346.33
OI02542,ORD01020,P0024,4,82.33,0.05,312.85
OI02543,ORD01021,P0001,5,116.43,0.05,553.04
OI02544,ORD01021,P0044,5,191.46,0.15,813.7
OI02545,ORD01022,P0014,1,55.53,0.15,47.2
OI02546,ORD01022,P0060,3,222.4,0.0,667.2
OI02547,ORD01022,P0035,3,31.46,0.1,84.94
OI02548,ORD01023,P0035,4,31.46,0.0,125.84
OI02549,ORD01023,P0037,2,10.8,0.0,21.6
OI02550,ORD01023,P0037,5,10.8,0.05,51.3
OI02551,ORD01023,P0051,4,16.51,0.05,62.74
OI02552,ORD01024,P0032,1,189.95,0.0,189.95
OI02553,ORD01024,P0025,3,117.02,0.05,333.51
OI02554,ORD01024,P0002,1,188.83,0.15,160.51
OI02555,ORD01024,P0038,5,193.13,0.1,869.08
OI02556,ORD01025,P0022,1,19.3,0.05,18.34
OI02557,ORD01026,P0059,2,168.92,0.05,320.95
OI02558,ORD01026,P0011,5,126.96,0.05,603.06
OI02559,ORD01026,P0055,4,49.93,0.0,199.72
OI02560,ORD01027,P0017,1,28.31,0.05,26.89
OI02561,ORD01027,P0055,2,49.93,0.0,99.86
OI02562,ORD01027,P0014,2,55.53,0.1,99.95
OI02563,ORD01027,P0036,2,163.66,0.15,278.22
OI02564,ORD01028,P0054,2,117.19,0.05,222.66
OI02565,ORD01029,P0056,3,64.45,0.15,164.35
OI02566,ORD01029,P0024,2,82.33,0.0,164.66
OI02567,ORD01030,P0023,5,74.28,0.05,352.83
OI02568,ORD01030,P0022,2,19.3,0.0,38.6
OI02569,ORD01031,P0052,5,82.52,0.0,412.6
OI02570,ORD01031,P0023,1,74.28,0.0,74.28
OI02571,ORD01031,P0007,5,177.14,0.1,797.13
OI02572,ORD01032,P0012,1,72.21,0.0,72.21
OI02573,ORD01032,P0009,5,80.73,0.15,343.1
OI02574,ORD01032,P0040,3,76.18,0.1,205.69
OI02575,ORD01033,P0032,4,189.95,0.0,759.8
OI02576,ORD01033,P0006,5,15.78,0.05,74.95
OI02577,ORD01033,P0060,3,222.4,0.05,633.84
OI02578,ORD01033,P0051,5,16.51,0.15,70.17
OI02579,ORD01034,P0045,1,214.4,0.0,214.4
OI02580,ORD01035,P0035,3,31.46,0.05,89.66
OI02581,ORD01035,P0026,4,266.63,0.0,1066.52
OI02582,ORD01035,P0027,2,271.32,0.0,542.64
OI02583,ORD01036,P0043,1,74.83,0.1,67.35
OI02584,ORD01036,P0056,5,64.45,0.15,273.91
OI02585,ORD01036,P0031,2,89.19,0.15,151.62
OI02586,ORD01036,P0016,4,128.27,0.0,513.08
OI02587,ORD01037,P0060,3,222.4,0.0,667.2
OI02588,ORD01038,P0038,1,193.13,0.05,183.47
OI02589,ORD01038,P0033,1,75.79,0.15,64.42
OI02590,ORD01038,P0013,3,130.8,0.0,392.4
OI02591,ORD01038,P0043,2,74.83,0.0,149.66
OI02592,ORD01039,P0031,2,89.19,0.05,169.46
OI02593,ORD01039,P0013,5,130.8,0.15,555.9
OI02594,ORD01040,P0030,2,17.27,0.0,34.54
OI02595,ORD01040,P0003,3,37.76,0.05,107.62
OI02596,ORD01041,P0035,3,31.46,0.1,84.94
OI02597,ORD01041,P0012,3,72.21,0.0,216.63
OI02598,ORD01041,P0043,4,74.83,0.1,269.39
OI02599,ORD01041,P0027,1,271.32,0.0,271.32
OI02600,ORD01042,P0041,2,223.53,0.05,424.71
OI02601,ORD01043,P0001,3,116.43,0.0,349.29
OI02602,ORD01044,P0026,4,266.63,0.15,906.54
OI02603,ORD01044,P0042,2,68.75,0.05,130.62
OI02604,ORD01045,P0016,2,128.27,0.05,243.71
OI02605,ORD01046,P0019,1,65.06,0.0,65.06
OI02606,ORD01046,P0004,4,25.49,0.0,101.96
OI02607,ORD01047,P0060,1,222.4,0.15,189.04
OI02608,ORD01047,P0056,5,64.45,0.0,322.25
OI02609,ORD01048,P0051,5,16.51,0.0,82.55
OI02610,ORD01049,P0005,2,164.14,0.0,328.28
OI02611,ORD01049,P0060,5,222.4,0.1,1000.8
OI02612,ORD01050,P0004,3,25.49,0.1,68.82
OI02613,ORD01050,P0032,2,189.95,0.15,322.91
OI02614,ORD01051,P0017,2,28.31,0.1,50.96
OI02615,ORD01051,P0058,4,184.34,0.0,737.36
OI02616,ORD01052,P0030,1,17.27,0.0,17.27
OI02617,ORD01053,P0020,2,164.66,0.0,329.32
OI02618,ORD01054,P0004,3,25.49,0.0,76.47
OI02619,ORD01054,P0007,1,177.14,0.05,168.28
OI02620,ORD01054,P0024,2,82.33,0.0,164.66
OI02621,ORD01054,P0008,1,43.51,0.1,39.16
OI02622,ORD01055,P0015,4,116.79,0.15,397.09
OI02623,ORD01055,P0037,5,10.8,0.15,45.9
OI02624,ORD01055,P0049,4,126.91,0.1,456.88
OI02625,ORD01055,P0019,1,65.06,0.0,65.06
OI02626,ORD01056,P0033,3,75.79,0.05,216.0
OI02627,ORD01056,P0015,1,116.79,0.05,110.95
OI02628,ORD01056,P0016,4,128.27,0.05,487.43
OI02629,ORD01057,P0011,3,126.96,0.15,323.75
OI02630,ORD01057,P0060,5,222.4,0.15,945.2
OI02631,ORD01057,P0053,3,196.29,0.15,500.54
OI02632,ORD01058,P0035,3,31.46,0.0,94.38
OI02633,ORD01058,P0052,1,82.52,0.0,82.52
OI02634,ORD01059,P0034,3,47.09,0.0,141.27
OI02635,ORD01059,P0006,5,15.78,0.0,78.9
OI02636,ORD01059,P0018,4,269.2,0.1,969.12
OI02637,ORD01059,P0045,2,214.4,0.0,428.8
OI02638,ORD01060,P0003,3,37.76,0.15,96.29
OI02639,ORD01061,P0050,2,11.57,0.05,21.98
OI02640,ORD01062,P0018,4,269.2,0.0,1076.8
OI02641,ORD01062,P0047,4,192.68,0.0,770.72
OI02642,ORD01062,P0019,1,65.06,0.0,65.06
OI02643,ORD01063,P0060,3,222.4,0.0,667.2
OI02644,ORD01064,P0050,3,11.57,0.15,29.5
OI02645,ORD01064,P0032,5,189.95,0.0,949.75
OI02646,ORD01065,P0037,4,10.8,0.0,43.2
OI02647,ORD01065,P0047,4,192.68,0.1,693.65
OI02648,ORD01066,P0035,5,31.46,0.0,157.3
OI02649,ORD01066,P0002,1,188.83,0.1,169.95
OI02650,ORD01067,P0058,1,184.34,0.1,165.91
OI02651,ORD01067,P0049,5,126.91,0.0,634.55
OI02652,ORD01067,P0008,4,43.51,0.15,147.93
OI02653,ORD01067,P0046,3,39.88,0.1,107.68
OI02654,ORD01068,P0044,4,191.46,0.1,689.26
OI02655,ORD01069,P0026,2,266.63,0.0,533.26
OI02656,ORD01070,P0020,3,164.66,0.0,493.98
OI02657,ORD01070,P0057,1,259.5,0.0,259.5
OI02658,ORD01070,P0041,5,223.53,0.15,950.0
OI02659,ORD01071,P0005,1,164.14,0.1,147.73
OI02660,ORD01071,P0047,4,192.68,0.05,732.18
OI02661,ORD01071,P0015,2,116.79,0.15,198.54
OI02662,ORD01071,P0025,2,117.02,0.05,222.34
OI02663,ORD01072,P0060,5,222.4,0.0,1112.0
OI02664,ORD01072,P0055,4,49.93,0.1,179.75
OI02665,ORD01072,P0031,5,89.19,0.15,379.06
OI02666,ORD01072,P0040,5,76.18,0.05,361.86
OI02667,ORD01073,P0018,2,269.2,0.15,457.64
OI02668,ORD01074,P0058,4,184.34,0.1,663.62
OI02669,ORD01075,P0001,4,116.43,0.15,395.86
OI02670,ORD01076,P0003,4,37.76,0.1,135.94
OI02671,ORD01076,P0006,4,15.78,0.0,63.12
OI02672,ORD01076,P0055,2,49.93,0.0,99.86
OI02673,ORD01077,P0009,4,80.73,0.0,322.92
OI02674,ORD01077,P0060,3,222.4,0.05,633.84
OI02675,ORD01077,P0052,1,82.52,0.05,78.39
OI02676,ORD01077,P0051,1,16.51,0.0,16.51
OI02677,ORD01078,P0021,1,36.81,0.05,34.97
OI02678,ORD01078,P0007,3,177.14,0.15,451.71
OI02679,ORD01078,P0057,3,259.5,0.1,700.65
OI02680,ORD01078,P0025,4,117.02,0.0,468.08
OI02681,ORD01079,P0042,4,68.75,0.1,247.5
OI02682,ORD01079,P0007,3,177.14,0.05,504.85
OI02683,ORD01080,P0049,2,126.91,0.1,228.44
OI02684,ORD01080,P0018,5,269.2,0.0,1346.0
OI02685,ORD01080,P0011,1,126.96,0.0,126.96
OI02686,ORD01080,P0034,2,47.09,0.15,80.05
OI02687,ORD01081,P0003,1,37.76,0.0,37.76
OI02688,ORD01081,P0049,4,126.91,0.0,507.64
OI02689,ORD01082,P0046,5,39.88,0.0,199.4
OI02690,ORD01082,P0008,3,43.51,0.05,124.0
OI02691,ORD01082,P0060,2,222.4,0.05,422.56
OI02692,ORD01082,P0010,3,99.31,0.0,297.93
OI02693,ORD01083,P0042,5,68.75,0.0,343.75
OI02694,ORD01083,P0053,5,196.29,0.1,883.3
OI02695,ORD01083,P0008,5,43.51,0.0,217.55
OI02696,ORD01083,P0049,4,126.91,0.05,482.26
OI02697,ORD01084,P0022,5,19.3,0.0,96.5
OI02698,ORD01084,P0046,2,39.88,0.05,75.77
OI02699,ORD01085,P0043,1,74.83,0.0,74.83
OI02700,ORD01085,P0054,5,117.19,0.05,556.65
OI02701,ORD01085,P0043,1,74.83,0.0,74.83
OI02702,ORD01085,P0037,5,10.8,0.1,48.6
OI02703,ORD01086,P0039,4,152.53,0.0,610.12
OI02704,ORD01086,P0036,4,163.66,0.05,621.91
OI02705,ORD01087,P0048,4,189.24,0.05,719.11
OI02706,ORD01087,P0005,3,164.14,0.0,492.42
OI02707,ORD01088,P0036,4,163.66,0.05,621.91
OI02708,ORD01088,P0016,5,128.27,0.1,577.22
OI02709,ORD01088,P0028,3,178.03,0.0,534.09
OI02710,ORD01088,P0037,5,10.8,0.1,48.6
OI02711,ORD01089,P0017,4,28.31,0.15,96.25
OI02712,ORD01089,P0021,4,36.81,0.0,147.24
OI02713,ORD01089,P0016,4,128.27,0.0,513.08
OI02714,ORD01090,P0022,2,19.3,0.0,38.6
OI02715,ORD01091,P0002,5,188.83,0.0,944.15
OI02716,ORD01091,P0011,3,126.96,0.0,380.88
OI02717,ORD01092,P0054,3,117.19,0.0,351.57
OI02718,ORD01092,P0028,3,178.03,0.0,534.09
OI02719,ORD01092,P0053,1,196.29,0.05,186.48
OI02720,ORD01093,P0032,5,189.95,0.1,854.78
OI02721,ORD01093,P0053,3,196.29,0.15,500.54
OI02722,ORD01093,P0025,4,117.02,0.0,468.08
OI02723,ORD01093,P0030,1,17.27,0.0,17.27
OI02724,ORD01094,P0027,4,271.32,0.15,922.49
OI02725,ORD01095,P0056,5,64.45,0.1,290.03
OI02726,ORD01096,P0022,2,19.3,0.05,36.67
OI02727,ORD01096,P0037,5,10.8,0.1,48.6
OI02728,ORD01096,P0006,3,15.78,0.15,40.24
OI02729,ORD01097,P0053,2,196.29,0.05,372.95
OI02730,ORD01097,P0029,5,24.91,0.15,105.87
OI02731,ORD01098,P0025,3,117.02,0.1,315.95
OI02732,ORD01098,P0045,4,214.4,0.0,857.6
OI02733,ORD01099,P0041,5,223.53,0.05,1061.77
OI02734,ORD01100,P0018,2,269.2,0.15,457.64
OI02735,ORD01101,P0036,1,163.66,0.0,163.66
OI02736,ORD01101,P0060,3,222.4,0.0,667.2
OI02737,ORD01101,P0007,4,177.14,0.0,708.56
OI02738,ORD01102,P0039,4,152.53,0.05,579.61
OI02739,ORD01102,P0052,4,82.52,0.15,280.57
OI02740,ORD01102,P0016,3,128.27,0.15,327.09
OI02741,ORD01103,P0055,5,49.93,0.0,249.65
OI02742,ORD01103,P0033,1,75.79,0.1,68.21
OI02743,ORD01104,P0010,2,99.31,0.1,178.76
OI02744,ORD01105,P0038,1,193.13,0.0,193.13
OI02745,ORD01106,P0016,2,128.27,0.05,243.71
OI02746,ORD01107,P0011,2,126.96,0.0,253.92
OI02747,ORD01107,P0052,2,82.52,0.1,148.54
OI02748,ORD01108,P0035,4,31.46,0.0,125.84
OI02749,ORD01108,P0054,4,117.19,0.05,445.32
OI02750,ORD01109,P0006,3,15.78,0.05,44.97
OI02751,ORD01109,P0037,5,10.8,0.15,45.9
OI02752,ORD01109,P0011,2,126.96,0.0,253.92
OI02753,ORD01109,P0009,5,80.73,0.0,403.65
OI02754,ORD01110,P0006,2,15.78,0.0,31.56
OI02755,ORD01110,P0046,2,39.88,0.0,79.76
OI02756,ORD01110,P0041,2,223.53,0.15,380.0
OI02757,ORD01111,P0051,2,16.51,0.15,28.07
OI02758,ORD01112,P0007,2,177.14,0.0,354.28
OI02759,ORD01113,P0057,2,259.5,0.05,493.05
OI02760,ORD01114,P0028,2,178.03,0.05,338.26
OI02761,ORD01114,P0060,4,222.4,0.05,845.12
OI02762,ORD01114,P0004,2,25.49,0.15,43.33
OI02763,ORD01115,P0013,1,130.8,0.0,130.8
OI02764,ORD01115,P0059,2,168.92,0.15,287.16
OI02765,ORD01116,P0059,3,168.92,0.15,430.75
OI02766,ORD01116,P0010,5,99.31,0.0,496.55
OI02767,ORD01117,P0040,1,76.18,0.05,72.37
OI02768,ORD01117,P0053,3,196.29,0.1,529.98
OI02769,ORD01117,P0044,1,191.46,0.0,191.46
OI02770,ORD01117,P0037,4,10.8,0.0,43.2
OI02771,ORD01118,P0056,5,64.45,0.05,306.14
OI02772,ORD01119,P0009,5,80.73,0.0,403.65
OI02773,ORD01119,P0011,4,126.96,0.0,507.84
OI02774,ORD01120,P0043,2,74.83,0.1,134.69
OI02775,ORD01120,P0057,2,259.5,0.15,441.15
OI02776,ORD01120,P0009,3,80.73,0.05,230.08
OI02777,ORD01120,P0040,5,76.18,0.1,342.81
OI02778,ORD01121,P0022,3,19.3,0.0,57.9
OI02779,ORD01122,P0037,4,10.8,0.0,43.2
OI02780,ORD01122,P0006,5,15.78,0.05,74.95
OI02781,ORD01122,P0051,5,16.51,0.0,82.55
OI02782,ORD01122,P0024,1,82.33,0.0,82.33
OI02783,ORD01123,P0017,2,28.31,0.05,53.79
OI02784,ORD01123,P0017,2,28.31,0.05,53.79
OI02785,ORD01123,P0013,3,130.8,0.0,392.4
OI02786,ORD01123,P0059,4,168.92,0.0,675.68
OI02787,ORD01124,P0043,5,74.83,0.0,374.15
OI02788,ORD01124,P0011,1,126.96,0.05,120.61
OI02789,ORD01124,P0025,4,117.02,0.05,444.68
OI02790,ORD01125,P0012,1,72.21,0.0,72.21
OI02791,ORD01125,P0054,1,117.19,0.05,111.33
OI02792,ORD01125,P0018,4,269.2,0.0,1076.8
OI02793,ORD01125,P0052,1,82.52,0.0,82.52
OI02794,ORD01126,P0022,5,19.3,0.1,86.85
OI02795,ORD01126,P0047,5,192.68,0.0,963.4
OI02796,ORD01127,P0045,4,214.4,0.05,814.72
OI02797,ORD01127,P0029,5,24.91,0.05,118.32
OI02798,ORD01127,P0057,3,259.5,0.15,661.72
OI02799,ORD01127,P0017,3,28.31,0.1,76.44
OI02800,ORD01128,P0006,2,15.78,0.05,29.98
OI02801,ORD01128,P0015,5,116.79,0.0,583.95
OI02802,ORD01128,P0029,4,24.91,0.05,94.66
OI02803,ORD01128,P0038,5,193.13,0.0,965.65
OI02804,ORD01129,P0026,1,266.63,0.0,266.63
OI02805,ORD01129,P0059,2,168.92,0.05,320.95
OI02806,ORD01129,P0049,2,126.91,0.15,215.75
OI02807,ORD01130,P0032,1,189.95,0.0,189.95
OI02808,ORD01130,P0004,1,25.49,0.0,25.49
OI02809,ORD01130,P0037,2,10.8,0.1,19.44
OI02810,ORD01131,P0015,5,116.79,0.0,583.95
OI02811,ORD01131,P0043,4,74.83,0.15,254.42
OI02812,ORD01131,P0022,2,19.3,0.15,32.81
OI02813,ORD01131,P0021,2,36.81,0.05,69.94
OI02814,ORD01132,P0037,1,10.8,0.0,10.8
OI02815,ORD01132,P0032,2,189.95,0.1,341.91
OI02816,ORD01132,P0024,1,82.33,0.0,82.33
OI02817,ORD01133,P0007,2,177.14,0.0,354.28
OI02818,ORD01134,P0013,5,130.8,0.05,621.3
OI02819,ORD01134,P0028,3,178.03,0.15,453.98
OI02820,ORD01135,P0021,3,36.81,0.05,104.91
OI02821,ORD01136,P0051,3,16.51,0.1,44.58
OI02822,ORD01137,P0049,4,126.91,0.05,482.26
OI02823,ORD01137,P0053,4,196.29,0.1,706.64
OI02824,ORD01137,P0013,4,130.8,0.15,444.72
OI02825,ORD01137,P0032,4,189.95,0.1,683.82
OI02826,ORD01138,P0055,1,49.93,0.15,42.44
OI02827,ORD01138,P0056,2,64.45,0.0,128.9
OI02828,ORD01138,P0041,5,223.53,0.05,1061.77
OI02829,ORD01139,P0041,4,223.53,0.1,804.71
OI02830,ORD01139,P0052,5,82.52,0.0,412.6
OI02831,ORD01140,P0033,2,75.79,0.15,128.84
OI02832,ORD01140,P0028,2,178.03,0.15,302.65
OI02833,ORD01141,P0042,4,68.75,0.0,275.0
OI02834,ORD01141,P0033,2,75.79,0.0,151.58
OI02835,ORD01141,P0025,3,117.02,0.0,351.06
OI02836,ORD01142,P0034,5,47.09,0.0,235.45
OI02837,ORD01142,P0042,4,68.75,0.15,233.75
OI02838,ORD01142,P0050,3,11.57,0.0,34.71
OI02839,ORD01143,P0023,2,74.28,0.05,141.13
OI02840,ORD01143,P0002,3,188.83,0.0,566.49
OI02841,ORD01143,P0019,4,65.06,0.0,260.24
OI02842,ORD01144,P0004,3,25.49,0.1,68.82
OI02843,ORD01144,P0056,5,64.45,0.0,322.25
OI02844,ORD01144,P0003,2,37.76,0.15,64.19
OI02845,ORD01144,P0048,2,189.24,0.0,378.48
OI02846,ORD01145,P0010,3,99.31,0.15,253.24
OI02847,ORD01145,P0009,3,80.73,0.0,242.19
OI02848,ORD01145,P0048,3,189.24,0.0,567.72
OI02849,ORD01145,P0042,3,68.75,0.0,206.25
OI02850,ORD01146,P0052,1,82.52,0.0,82.52
OI02851,ORD01147,P0047,2,192.68,0.0,385.36
OI02852,ORD01147,P0013,4,130.8,0.15,444.72
OI02853,ORD01148,P0043,1,74.83,0.0,74.83
OI02854,ORD01148,P0056,5,64.45,0.0,322.25
OI02855,ORD01148,P0042,2,68.75,0.0,137.5
OI02856,ORD01148,P0054,2,117.19,0.0,234.38
OI02857,ORD01149,P0056,2,64.45,0.05,122.46
OI02858,ORD01149,P0019,5,65.06,0.05,309.03
OI02859,ORD01149,P0060,2,222.4,0.0,444.8
OI02860,ORD01150,P0019,4,65.06,0.15,221.2
OI02861,ORD01150,P0040,1,76.18,0.1,68.56
OI02862,ORD01150,P0056,2,64.45,0.15,109.56
OI02863,ORD01151,P0023,1,74.28,0.0,74.28
OI02864,ORD01151,P0013,1,130.8,0.0,130.8
OI02865,ORD01151,P0013,3,130.8,0.05,372.78
OI02866,ORD01151,P0036,5,163.66,0.1,736.47
OI02867,ORD01152,P0051,5,16.51,0.05,78.42
OI02868,ORD01152,P0050,5,11.57,0.0,57.85
OI02869,ORD01152,P0027,1,271.32,0.1,244.19
OI02870,ORD01153,P0029,4,24.91,0.05,94.66
OI02871,ORD01153,P0005,4,164.14,0.0,656.56
OI02872,ORD01154,P0010,4,99.31,0.1,357.52
OI02873,ORD01154,P0026,5,266.63,0.1,1199.84
OI02874,ORD01155,P0010,5,99.31,0.0,496.55
OI02875,ORD01155,P0034,3,47.09,0.15,120.08
OI02876,ORD01155,P0052,1,82.52,0.15,70.14
OI02877,ORD01155,P0029,5,24.91,0.05,118.32
OI02878,ORD01156,P0059,4,168.92,0.1,608.11
OI02879,ORD01157,P0025,1,117.02,0.0,117.02
OI02880,ORD01158,P0016,4,128.27,0.0,513.08
OI02881,ORD01159,P0038,2,193.13,0.15,328.32
OI02882,ORD01159,P0060,2,222.4,0.1,400.32
OI02883,ORD01160,P0020,3,164.66,0.0,493.98
OI02884,ORD01160,P0031,1,89.19,0.0,89.19
OI02885,ORD01161,P0008,3,43.51,0.1,117.48
OI02886,ORD01161,P0044,2,191.46,0.15,325.48
OI02887,ORD01161,P0029,4,24.91,0.0,99.64
OI02888,ORD01162,P0017,1,28.31,0.0,28.31
OI02889,ORD01162,P0048,3,189.24,0.0,567.72
OI02890,ORD01163,P0039,1,152.53,0.15,129.65
OI02891,ORD01163,P0003,1,37.76,0.05,35.87
OI02892,ORD01163,P0060,4,222.4,0.0,889.6
OI02893,ORD01163,P0003,4,37.76,0.0,151.04
OI02894,ORD01164,P0015,2,116.79,0.15,198.54
OI02895,ORD01164,P0058,5,184.34,0.15,783.44
OI02896,ORD01164,P0017,5,28.31,0.1,127.39
OI02897,ORD01164,P0019,5,65.06,0.0,325.3
OI02898,ORD01165,P0020,5,164.66,0.1,740.97
OI02899,ORD01166,P0032,1,189.95,0.0,189.95
OI02900,ORD01166,P0055,1,49.93,0.15,42.44
OI02901,ORD01167,P0009,4,80.73,0.0,322.92
OI02902,ORD01167,P0055,3,49.93,0.15,127.32
OI02903,ORD01168,P0052,2,82.52,0.0,165.04
OI02904,ORD01168,P0007,5,177.14,0.15,752.84
OI02905,ORD01168,P0056,3,64.45,0.1,174.02
OI02906,ORD01168,P0058,5,184.34,0.0,921.7
OI02907,ORD01169,P0030,3,17.27,0.0,51.81
OI02908,ORD01169,P0054,1,117.19,0.0,117.19
OI02909,ORD01170,P0003,3,37.76,0.05,107.62
OI02910,ORD01170,P0031,4,89.19,0.0,356.76
OI02911,ORD01171,P0002,5,188.83,0.15,802.53
OI02912,ORD01171,P0014,2,55.53,0.0,111.06
OI02913,ORD01172,P0038,5,193.13,0.0,965.65
OI02914,ORD01172,P0049,3,126.91,0.0,380.73
OI02915,ORD01172,P0013,3,130.8,0.0,392.4
OI02916,ORD01172,P0001,5,116.43,0.0,582.15
OI02917,ORD01173,P0021,2,36.81,0.0,73.62
OI02918,ORD01173,P0011,4,126.96,0.1,457.06
OI02919,ORD01173,P0035,4,31.46,0.0,125.84
OI02920,ORD01174,P0002,5,188.83,0.05,896.94
OI02921,ORD01175,P0010,4,99.31,0.0,397.24
OI02922,ORD01175,P0003,3,37.76,0.1,101.95
OI02923,ORD01175,P0036,1,163.66,0.05,155.48
OI02924,ORD01176,P0010,2,99.31,0.15,168.83
OI02925,ORD01177,P0035,2,31.46,0.1,56.63
OI02926,ORD01177,P0059,5,168.92,0.05,802.37
OI02927,ORD01177,P0031,5,89.19,0.0,445.95
OI02928,ORD01177,P0025,3,117.02,0.0,351.06
OI02929,ORD01178,P0013,4,130.8,0.15,444.72
OI02930,ORD01178,P0036,4,163.66,0.15,556.44
OI02931,ORD01178,P0017,5,28.31,0.0,141.55
OI02932,ORD01178,P0038,5,193.13,0.0,965.65
OI02933,ORD01179,P0033,2,75.79,0.15,128.84
OI02934,ORD01180,P0003,2,37.76,0.05,71.74
OI02935,ORD01180,P0041,3,223.53,0.05,637.06
OI02936,ORD01180,P0034,5,47.09,0.1,211.91
OI02937,ORD01181,P0027,2,271.32,0.05,515.51
OI02938,ORD01181,P0033,1,75.79,0.0,75.79
OI02939,ORD01182,P0008,2,43.51,0.15,73.97
OI02940,ORD01183,P0006,3,15.78,0.15,40.24
OI02941,ORD01183,P0049,4,126.91,0.05,482.26
OI02942,ORD01183,P0048,1,189.24,0.0,189.24
OI02943,ORD01184,P0056,2,64.45,0.0,128.9
OI02944,ORD01184,P0056,5,64.45,0.0,322.25
OI02945,ORD01185,P0019,4,65.06,0.0,260.24
OI02946,ORD01185,P0043,4,74.83,0.15,254.42
OI02947,ORD01185,P0050,1,11.57,0.0,11.57
OI02948,ORD01186,P0030,1,17.27,0.0,17.27
OI02949,ORD01186,P0005,1,164.14,0.1,147.73
OI02950,ORD01186,P0001,4,116.43,0.1,419.15
OI02951,ORD01187,P0027,2,271.32,0.0,542.64
OI02952,ORD01187,P0043,2,74.83,0.0,149.66
OI02953,ORD01188,P0053,2,196.29,0.0,392.58
OI02954,ORD01188,P0009,3,80.73,0.0,242.19
OI02955,ORD01188,P0002,4,188.83,0.0,755.32
OI02956,ORD01188,P0023,4,74.28,0.05,282.26
OI02957,ORD01189,P0049,4,126.91,0.0,507.64
OI02958,ORD01189,P0008,4,43.51,0.1,156.64
OI02959,ORD01190,P0040,1,76.18,0.05,72.37
OI02960,ORD01190,P0038,1,193.13,0.05,183.47
OI02961,ORD01190,P0003,4,37.76,0.1,135.94
OI02962,ORD01190,P0002,5,188.83,0.0,944.15
OI02963,ORD01191,P0038,5,193.13,0.15,820.8
OI02964,ORD01192,P0037,3,10.8,0.05,30.78
OI02965,ORD01192,P0015,1,116.79,0.0,116.79
OI02966,ORD01193,P0008,5,43.51,0.0,217.55
OI02967,ORD01194,P0057,5,259.5,0.15,1102.88
OI02968,ORD01194,P0006,4,15.78,0.0,63.12
OI02969,ORD01195,P0045,4,214.4,0.15,728.96
OI02970,ORD01195,P0054,2,117.19,0.0,234.38
OI02971,ORD01195,P0015,4,116.79,0.0,467.16
OI02972,ORD01196,P0014,1,55.53,0.0,55.53
OI02973,ORD01197,P0019,3,65.06,0.1,175.66
OI02974,ORD01197,P0059,3,168.92,0.1,456.08
OI02975,ORD01197,P0014,1,55.53,0.0,55.53
OI02976,ORD01198,P0034,1,47.09,0.15,40.03
OI02977,ORD01198,P0044,1,191.46,0.0,191.46
OI02978,ORD01199,P0036,1,163.66,0.15,139.11
OI02979,ORD01199,P0018,1,269.2,0.05,255.74
OI02980,ORD01199,P0060,3,222.4,0.0,667.2
OI02981,ORD01199,P0016,4,128.27,0.0,513.08
OI02982,ORD01200,P0008,4,43.51,0.05,165.34
OI02983,ORD01200,P0024,5,82.33,0.0,411.65
OI02984,ORD01200,P0016,2,128.27,0.0,256.54
OI02985,ORD01201,P0040,3,76.18,0.0,228.54
OI02986,ORD01201,P0014,3,55.53,0.1,149.93
OI02987,ORD01202,P0002,5,188.83,0.05,896.94
OI02988,ORD01202,P0051,5,16.51,0.0,82.55
OI02989,ORD01202,P0026,5,266.63,0.05,1266.49
OI02990,ORD01203,P0005,5,164.14,0.0,820.7
OI02991,ORD01204,P0054,3,117.19,0.0,351.57
OI02992,ORD01204,P0057,2,259.5,0.15,441.15
OI02993,ORD01204,P0055,2,49.93,0.0,99.86
OI02994,ORD01204,P0026,4,266.63,0.0,1066.52
OI02995,ORD01205,P0056,1,64.45,0.0,64.45
OI02996,ORD01206,P0020,3,164.66,0.15,419.88
OI02997,ORD01207,P0017,4,28.31,0.1,101.92
OI02998,ORD01207,P0009,1,80.73,0.0,80.73
OI02999,ORD01207,P0029,2,24.91,0.05,47.33
OI03000,ORD01208,P0021,3,36.81,0.05,104.91
OI03001,ORD01209,P0015,2,116.79,0.15,198.54
OI03002,ORD01209,P0037,2,10.8,0.15,18.36
OI03003,ORD01210,P0049,5,126.91,0.0,634.55
OI03004,ORD01210,P0041,1,223.53,0.1,201.18
OI03005,ORD01211,P0056,4,64.45,0.0,257.8
OI03006,ORD01211,P0032,4,189.95,0.0,759.8
OI03007,ORD01212,P0017,4,28.31,0.05,107.58
OI03008,ORD01212,P0007,5,177.14,0.0,885.7
OI03009,ORD01212,P0015,2,116.79,0.1,210.22
OI03010,ORD01212,P0016,4,128.27,0.0,513.08
OI03011,ORD01213,P0039,2,152.53,0.0,305.06
OI03012,ORD01213,P0039,1,152.53,0.05,144.9
OI03013,ORD01213,P0029,3,24.91,0.05,70.99
OI03014,ORD01213,P0056,3,64.45,0.0,193.35
OI03015,ORD01214,P0050,5,11.57,0.1,52.07
OI03016,ORD01214,P0029,2,24.91,0.15,42.35
OI03017,ORD01214,P0054,3,117.19,0.0,351.57
OI03018,ORD01214,P0050,5,11.57,0.1,52.07
OI03019,ORD01215,P0042,5,68.75,0.0,343.75
OI03020,ORD01215,P0051,1,16.51,0.05,15.68
OI03021,ORD01216,P0001,4,116.43,0.15,395.86
OI03022,ORD01216,P0043,3,74.83,0.0,224.49
OI03023,ORD01216,P0030,3,17.27,0.05,49.22
OI03024,ORD01217,P0015,4,116.79,0.0,467.16
OI03025,ORD01217,P0006,2,15.78,0.1,28.4
OI03026,ORD01217,P0047,4,192.68,0.1,693.65
OI03027,ORD01218,P0019,3,65.06,0.1,175.66
OI03028,ORD01218,P0025,5,117.02,0.1,526.59
OI03029,ORD01218,P0041,3,223.53,0.15,570.0
OI03030,ORD01219,P0050,5,11.57,0.15,49.17
OI03031,ORD01220,P0025,5,117.02,0.15,497.34
OI03032,ORD01220,P0052,2,82.52,0.1,148.54
OI03033,ORD01221,P0007,4,177.14,0.15,602.28
OI03034,ORD01221,P0053,2,196.29,0.1,353.32
OI03035,ORD01222,P0045,4,214.4,0.1,771.84
OI03036,ORD01222,P0029,1,24.91,0.0,24.91
OI03037,ORD01223,P0013,1,130.8,0.1,117.72
OI03038,ORD01224,P0049,1,126.91,0.1,114.22
OI03039,ORD01224,P0005,5,164.14,0.15,697.59
OI03040,ORD01224,P0012,2,72.21,0.0,144.42
OI03041,ORD01225,P0037,4,10.8,0.05,41.04
OI03042,ORD01225,P0020,3,164.66,0.1,444.58
OI03043,ORD01225,P0040,5,76.18,0.1,342.81
OI03044,ORD01225,P0035,5,31.46,0.0,157.3
OI03045,ORD01226,P0017,4,28.31,0.0,113.24
OI03046,ORD01226,P0009,3,80.73,0.15,205.86
OI03047,ORD01226,P0048,5,189.24,0.0,946.2
OI03048,ORD01227,P0007,2,177.14,0.0,354.28
OI03049,ORD01227,P0029,5,24.91,0.1,112.1
OI03050,ORD01228,P0013,2,130.8,0.1,235.44
OI03051,ORD01228,P0021,3,36.81,0.15,93.87
OI03052,ORD01229,P0049,5,126.91,0.0,634.55
OI03053,ORD01229,P0027,2,271.32,0.05,515.51
OI03054,ORD01229,P0008,3,43.51,0.0,130.53
OI03055,ORD01229,P0030,3,17.27,0.1,46.63
OI03056,ORD01230,P0011,3,126.96,0.0,380.88
OI03057,ORD01231,P0042,4,68.75,0.1,247.5
OI03058,ORD01231,P0046,3,39.88,0.15,101.69
OI03059,ORD01231,P0010,1,99.31,0.1,89.38
OI03060,ORD01232,P0044,3,191.46,0.05,545.66
OI03061,ORD01232,P0006,1,15.78,0.15,13.41
OI03062,ORD01232,P0002,2,188.83,0.1,339.89
OI03063,ORD01233,P0008,1,43.51,0.1,39.16
OI03064,ORD01233,P0002,3,188.83,0.1,509.84
OI03065,ORD01233,P0053,4,196.29,0.1,706.64
OI03066,ORD01234,P0024,3,82.33,0.05,234.64
OI03067,ORD01235,P0049,4,126.91,0.0,507.64
OI03068,ORD01235,P0043,1,74.83,0.05,71.09
OI03069,ORD01235,P0015,5,116.79,0.0,583.95
OI03070,ORD01236,P0004,4,25.49,0.15,86.67
OI03071,ORD01237,P0014,2,55.53,0.15,94.4
OI03072,ORD01237,P0045,3,214.4,0.1,578.88
OI03073,ORD01238,P0003,5,37.76,0.1,169.92
OI03074,ORD01238,P0036,5,163.66,0.0,818.3
OI03075,ORD01239,P0016,3,128.27,0.1,346.33
OI03076,ORD01239,P0059,1,168.92,0.1,152.03
OI03077,ORD01239,P0031,1,89.19,0.1,80.27
OI03078,ORD01239,P0001,3,116.43,0.15,296.9
OI03079,ORD01240,P0043,3,74.83,0.0,224.49
OI03080,ORD01241,P0021,5,36.81,0.0,184.05
OI03081,ORD01242,P0032,1,189.95,0.05,180.45
OI03082,ORD01242,P0040,2,76.18,0.0,152.36
OI03083,ORD01243,P0030,4,17.27,0.0,69.08
OI03084,ORD01243,P0036,3,163.66,0.15,417.33
OI03085,ORD01243,P0006,5,15.78,0.15,67.06
OI03086,ORD01243,P0020,5,164.66,0.0,823.3
OI03087,ORD01244,P0054,2,117.19,0.0,234.38
OI03088,ORD01245,P0003,5,37.76,0.0,188.8
OI03089,ORD01245,P0002,1,188.83,0.0,188.83
OI03090,ORD01245,P0015,5,116.79,0.0,583.95
OI03091,ORD01246,P0024,4,82.33,0.0,329.32
OI03092,ORD01247,P0005,1,164.14,0.0,164.14
OI03093,ORD01247,P0027,1,271.32,0.05,257.75
OI03094,ORD01248,P0004,2,25.49,0.05,48.43
OI03095,ORD01248,P0039,3,152.53,0.0,457.59
OI03096,ORD01248,P0015,1,116.79,0.05,110.95
OI03097,ORD01249,P0002,4,188.83,0.0,755.32
OI03098,ORD01249,P0043,1,74.83,0.0,74.83
OI03099,ORD01249,P0036,4,163.66,0.0,654.64
OI03100,ORD01249,P0032,5,189.95,0.0,949.75
OI03101,ORD01250,P0001,3,116.43,0.0,349.29
OI03102,ORD01250,P0046,2,39.88,0.05,75.77
OI03103,ORD01251,P0033,5,75.79,0.05,360.0
OI03104,ORD01252,P0060,5,222.4,0.1,1000.8
OI03105,ORD01253,P0017,2,28.31,0.1,50.96
OI03106,ORD01253,P0032,2,189.95,0.15,322.91
OI03107,ORD01253,P0048,5,189.24,0.0,946.2
OI03108,ORD01253,P0037,1,10.8,0.0,10.8
OI03109,ORD01254,P0032,2,189.95,0.0,379.9
OI03110,ORD01254,P0035,2,31.46,0.0,62.92
OI03111,ORD01254,P0014,4,55.53,0.0,222.12
OI03112,ORD01255,P0012,3,72.21,0.1,194.97
OI03113,ORD01255,P0059,5,168.92,0.1,760.14
OI03114,ORD01255,P0059,3,168.92,0.15,430.75
OI03115,ORD01255,P0027,4,271.32,0.0,1085.28
OI03116,ORD01256,P0024,3,82.33,0.0,246.99
OI03117,ORD01256,P0006,1,15.78,0.0,15.78
OI03118,ORD01256,P0055,3,49.93,0.05,142.3
OI03119,ORD01256,P0015,3,116.79,0.0,350.37
OI03120,ORD01257,P0003,3,37.76,0.05,107.62
OI03121,ORD01257,P0025,3,117.02,0.15,298.4
OI03122,ORD01257,P0017,1,28.31,0.0,28.31
OI03123,ORD01257,P0058,3,184.34,0.15,470.07
OI03124,ORD01258,P0025,3,117.02,0.05,333.51
OI03125,ORD01258,P0016,3,128.27,0.0,384.81
OI03126,ORD01258,P0046,5,39.88,0.15,169.49
OI03127,ORD01259,P0043,2,74.83,0.0,149.66
OI03128,ORD01259,P0035,3,31.46,0.05,89.66
OI03129,ORD01259,P0026,3,266.63,0.0,799.89
OI03130,ORD01259,P0028,4,178.03,0.1,640.91
OI03131,ORD01260,P0059,1,168.92,0.0,168.92
OI03132,ORD01260,P0047,1,192.68,0.05,183.05
OI03133,ORD01261,P0019,1,65.06,0.15,55.3
OI03134,ORD01261,P0057,2,259.5,0.05,493.05
OI03135,ORD01261,P0024,3,82.33,0.15,209.94
OI03136,ORD01261,P0059,5,168.92,0.15,717.91
OI03137,ORD01262,P0010,5,99.31,0.05,471.72
OI03138,ORD01263,P0016,4,128.27,0.0,513.08
OI03139,ORD01263,P0026,1,266.63,0.1,239.97
OI03140,ORD01264,P0011,1,126.96,0.05,120.61
OI03141,ORD01264,P0013,5,130.8,0.05,621.3
OI03142,ORD01264,P0038,2,193.13,0.1,347.63
OI03143,ORD01264,P0031,3,89.19,0.1,240.81
OI03144,ORD01265,P0039,4,152.53,0.0,610.12
OI03145,ORD01265,P0033,3,75.79,0.0,227.37
OI03146,ORD01265,P0049,3,126.91,0.0,380.73
OI03147,ORD01265,P0051,4,16.51,0.0,66.04
OI03148,ORD01266,P0009,4,80.73,0.1,290.63
OI03149,ORD01266,P0030,5,17.27,0.0,86.35
OI03150,ORD01266,P0031,2,89.19,0.05,169.46
OI03151,ORD01266,P0038,4,193.13,0.1,695.27
OI03152,ORD01267,P0005,5,164.14,0.15,697.59
OI03153,ORD01267,P0058,4,184.34,0.0,737.36
OI03154,ORD01267,P0051,1,16.51,0.05,15.68
OI03155,ORD01268,P0001,4,116.43,0.1,419.15
OI03156,ORD01269,P0017,3,28.31,0.1,76.44
OI03157,ORD01269,P0059,1,168.92,0.05,160.47
OI03158,ORD01269,P0033,1,75.79,0.0,75.79
OI03159,ORD01270,P0049,2,126.91,0.0,253.82
OI03160,ORD01270,P0032,3,189.95,0.05,541.36
OI03161,ORD01270,P0023,2,74.28,0.1,133.7
OI03162,ORD01270,P0034,2,47.09,0.0,94.18
OI03163,ORD01271,P0024,3,82.33,0.0,246.99
OI03164,ORD01272,P0008,1,43.51,0.15,36.98
OI03165,ORD01272,P0045,3,214.4,0.15,546.72
OI03166,ORD01272,P0052,2,82.52,0.0,165.04
OI03167,ORD01272,P0045,2,214.4,0.05,407.36
OI03168,ORD01273,P0002,2,188.83,0.0,377.66
OI03169,ORD01273,P0004,4,25.49,0.0,101.96
OI03170,ORD01273,P0057,2,259.5,0.0,519.0
OI03171,ORD01273,P0019,4,65.06,0.0,260.24
OI03172,ORD01274,P0053,5,196.29,0.05,932.38
OI03173,ORD01274,P0008,1,43.51,0.0,43.51
OI03174,ORD01275,P0051,5,16.51,0.15,70.17
OI03175,ORD01276,P0013,1,130.8,0.15,111.18
OI03176,ORD01276,P0046,4,39.88,0.15,135.59
OI03177,ORD01277,P0031,4,89.19,0.0,356.76
OI03178,ORD01277,P0040,1,76.18,0.0,76.18
OI03179,ORD01278,P0022,4,19.3,0.1,69.48
OI03180,ORD01278,P0053,1,196.29,0.0,196.29
OI03181,ORD01278,P0046,4,39.88,0.0,159.52
OI03182,ORD01278,P0024,1,82.33,0.0,82.33
OI03183,ORD01279,P0026,2,266.63,0.05,506.6
OI03184,ORD01279,P0026,3,266.63,0.05,759.9
OI03185,ORD01280,P0054,1,117.19,0.1,105.47
OI03186,ORD01281,P0016,4,128.27,0.05,487.43
OI03187,ORD01281,P0053,5,196.29,0.05,932.38
OI03188,ORD01281,P0055,4,49.93,0.0,199.72
OI03189,ORD01281,P0019,2,65.06,0.0,130.12
OI03190,ORD01282,P0024,4,82.33,0.15,279.92
OI03191,ORD01282,P0021,4,36.81,0.15,125.15
OI03192,ORD01282,P0039,4,152.53,0.1,549.11
OI03193,ORD01282,P0005,1,164.14,0.05,155.93
OI03194,ORD01283,P0044,1,191.46,0.0,191.46
OI03195,ORD01283,P0052,2,82.52,0.1,148.54
OI03196,ORD01283,P0019,2,65.06,0.15,110.6
OI03197,ORD01284,P0052,3,82.52,0.1,222.8
OI03198,ORD01285,P0046,4,39.88,0.0,159.52
OI03199,ORD01286,P0058,5,184.34,0.0,921.7
OI03200,ORD01286,P0025,3,117.02,0.1,315.95
OI03201,ORD01286,P0010,4,99.31,0.15,337.65
OI03202,ORD01286,P0015,2,116.79,0.0,233.58
OI03203,ORD01287,P0017,5,28.31,0.0,141.55
OI03204,ORD01287,P0048,5,189.24,0.15,804.27
OI03205,ORD01287,P0041,2,223.53,0.15,380.0
OI03206,ORD01287,P0050,3,11.57,0.05,32.97
OI03207,ORD01288,P0024,1,82.33,0.15,69.98
OI03208,ORD01288,P0023,3,74.28,0.0,222.84
OI03209,ORD01288,P0010,1,99.31,0.0,99.31
OI03210,ORD01288,P0046,1,39.88,0.0,39.88
OI03211,ORD01289,P0026,5,266.63,0.0,1333.15
OI03212,ORD01289,P0001,4,116.43,0.0,465.72
OI03213,ORD01290,P0017,4,28.31,0.0,113.24
OI03214,ORD01290,P0026,3,266.63,0.0,799.89
OI03215,ORD01291,P0049,1,126.91,0.0,126.91
OI03216,ORD01291,P0055,2,49.93,0.0,99.86
OI03217,ORD01291,P0037,3,10.8,0.1,29.16
OI03218,ORD01291,P0001,2,116.43,0.05,221.22
OI03219,ORD01292,P0006,4,15.78,0.0,63.12
OI03220,ORD01292,P0018,2,269.2,0.05,511.48
OI03221,ORD01292,P0018,3,269.2,0.1,726.84
OI03222,ORD01293,P0038,2,193.13,0.0,386.26
OI03223,ORD01293,P0011,3,126.96,0.0,380.88
OI03224,ORD01293,P0057,1,259.5,0.0,259.5
OI03225,ORD01293,P0031,5,89.19,0.05,423.65
OI03226,ORD01294,P0002,1,188.83,0.15,160.51
OI03227,ORD01294,P0042,1,68.75,0.05,65.31
OI03228,ORD01294,P0033,3,75.79,0.05,216.0
OI03229,ORD01294,P0035,5,31.46,0.0,157.3
OI03230,ORD01295,P0022,2,19.3,0.15,32.81
OI03231,ORD01295,P0052,5,82.52,0.05,391.97
OI03232,ORD01295,P0040,2,76.18,0.05,144.74
OI03233,ORD01296,P0032,4,189.95,0.0,759.8
OI03234,ORD01296,P0041,3,223.53,0.15,570.0
OI03235,ORD01296,P0006,2,15.78,0.15,26.83
OI03236,ORD01297,P0058,3,184.34,0.05,525.37
OI03237,ORD01298,P0058,3,184.34,0.0,553.02
OI03238,ORD01298,P0013,4,130.8,0.0,523.2
OI03239,ORD01298,P0056,1,64.45,0.1,58.0
OI03240,ORD01298,P0040,5,76.18,0.15,323.77
OI03241,ORD01299,P0010,5,99.31,0.15,422.07
OI03242,ORD01299,P0024,4,82.33,0.0,329.32
OI03243,ORD01300,P0026,5,266.63,0.1,1199.84
OI03244,ORD01300,P0033,2,75.79,0.05,144.0
OI03245,ORD01300,P0033,4,75.79,0.0,303.16
OI03246,ORD01301,P0042,1,68.75,0.0,68.75
OI03247,ORD01301,P0030,5,17.27,0.0,86.35
OI03248,ORD01301,P0027,3,271.32,0.0,813.96
OI03249,ORD01302,P0006,5,15.78,0.05,74.95
OI03250,ORD01302,P0046,4,39.88,0.0,159.52
OI03251,ORD01302,P0048,1,189.24,0.15,160.85
OI03252,ORD01303,P0045,4,214.4,0.15,728.96
OI03253,ORD01304,P0032,3,189.95,0.0,569.85
OI03254,ORD01304,P0011,4,126.96,0.1,457.06
OI03255,ORD01304,P0016,4,128.27,0.0,513.08
OI03256,ORD01305,P0002,3,188.83,0.05,538.17
OI03257,ORD01305,P0035,5,31.46,0.0,157.3
OI03258,ORD01306,P0053,5,196.29,0.05,932.38
OI03259,ORD01306,P0050,5,11.57,0.05,54.96
OI03260,ORD01307,P0012,4,72.21,0.0,288.84
OI03261,ORD01308,P0054,1,117.19,0.0,117.19
OI03262,ORD01309,P0032,5,189.95,0.0,949.75
OI03263,ORD01310,P0015,1,116.79,0.05,110.95
OI03264,ORD01310,P0032,2,189.95,0.1,341.91
OI03265,ORD01310,P0029,2,24.91,0.15,42.35
OI03266,ORD01310,P0009,3,80.73,0.0,242.19
OI03267,ORD01311,P0053,2,196.29,0.05,372.95
OI03268,ORD01311,P0029,4,24.91,0.1,89.68
OI03269,ORD01312,P0034,4,47.09,0.0,188.36
OI03270,ORD01312,P0018,3,269.2,0.0,807.6
OI03271,ORD01312,P0034,3,47.09,0.1,127.14
OI03272,ORD01312,P0056,5,64.45,0.1,290.03
OI03273,ORD01313,P0009,2,80.73,0.05,153.39
OI03274,ORD01313,P0002,2,188.83,0.0,377.66
OI03275,ORD01313,P0001,2,116.43,0.05,221.22
OI03276,ORD01314,P0054,5,117.19,0.15,498.06
OI03277,ORD01315,P0007,3,177.14,0.1,478.28
OI03278,ORD01315,P0009,1,80.73,0.0,80.73
OI03279,ORD01315,P0047,2,192.68,0.05,366.09
OI03280,ORD01315,P0010,5,99.31,0.0,496.55
OI03281,ORD01316,P0007,4,177.14,0.15,602.28
OI03282,ORD01316,P0041,1,223.53,0.05,212.35
OI03283,ORD01316,P0034,4,47.09,0.15,160.11
OI03284,ORD01317,P0041,1,223.53,0.1,201.18
OI03285,ORD01317,P0019,1,65.06,0.1,58.55
OI03286,ORD01317,P0039,1,152.53,0.05,144.9
OI03287,ORD01318,P0017,3,28.31,0.15,72.19
OI03288,ORD01318,P0009,2,80.73,0.0,161.46
OI03289,ORD01319,P0037,4,10.8,0.0,43.2
OI03290,ORD01319,P0003,3,37.76,0.05,107.62
OI03291,ORD01319,P0019,3,65.06,0.0,195.18
OI03292,ORD01319,P0053,1,196.29,0.15,166.85
OI03293,ORD01320,P0056,4,64.45,0.05,244.91
OI03294,ORD01321,P0004,4,25.49,0.15,86.67
OI03295,ORD01321,P0002,4,188.83,0.05,717.55
OI03296,ORD01321,P0012,2,72.21,0.05,137.2
OI03297,ORD01321,P0035,5,31.46,0.0,157.3
OI03298,ORD01322,P0005,1,164.14,0.15,139.52
OI03299,ORD01322,P0023,1,74.28,0.1,66.85
OI03300,ORD01322,P0022,3,19.3,0.05,55.0
OI03301,ORD01323,P0010,3,99.31,0.05,283.03
OI03302,ORD01324,P0003,1,37.76,0.1,33.98
OI03303,ORD01324,P0008,1,43.51,0.15,36.98
OI03304,ORD01324,P0047,5,192.68,0.0,963.4
OI03305,ORD01324,P0047,3,192.68,0.15,491.33
OI03306,ORD01325,P0029,5,24.91,0.1,112.1
OI03307,ORD01325,P0008,2,43.51,0.05,82.67
OI03308,ORD01325,P0042,4,68.75,0.0,275.0
OI03309,ORD01325,P0049,3,126.91,0.0,380.73
OI03310,ORD01326,P0060,5,222.4,0.0,1112.0
OI03311,ORD01326,P0030,1,17.27,0.0,17.27
OI03312,ORD01326,P0026,3,266.63,0.05,759.9
OI03313,ORD01327,P0008,4,43.51,0.0,174.04
OI03314,ORD01327,P0052,4,82.52,0.15,280.57
OI03315,ORD01327,P0005,3,164.14,0.0,492.42
OI03316,ORD01328,P0029,4,24.91,0.1,89.68
OI03317,ORD01328,P0008,4,43.51,0.15,147.93
OI03318,ORD01328,P0009,4,80.73,0.0,322.92
OI03319,ORD01329,P0029,2,24.91,0.0,49.82
OI03320,ORD01329,P0046,1,39.88,0.05,37.89
OI03321,ORD01330,P0045,3,214.4,0.05,611.04
OI03322,ORD01331,P0048,3,189.24,0.0,567.72
OI03323,ORD01332,P0029,4,24.91,0.0,99.64
OI03324,ORD01332,P0058,5,184.34,0.1,829.53
OI03325,ORD01332,P0019,4,65.06,0.0,260.24
OI03326,ORD01332,P0012,2,72.21,0.15,122.76
OI03327,ORD01333,P0056,1,64.45,0.0,64.45
OI03328,ORD01333,P0032,3,189.95,0.05,541.36
OI03329,ORD01333,P0047,5,192.68,0.05,915.23
OI03330,ORD01333,P0044,4,191.46,0.0,765.84
OI03331,ORD01334,P0042,3,68.75,0.0,206.25
OI03332,ORD01335,P0023,5,74.28,0.0,371.4
OI03333,ORD01336,P0040,5,76.18,0.15,323.77
OI03334,ORD01337,P0004,2,25.49,0.1,45.88
OI03335,ORD01337,P0043,5,74.83,0.15,318.03
OI03336,ORD01337,P0010,1,99.31,0.15,84.41
OI03337,ORD01338,P0047,3,192.68,0.05,549.14
OI03338,ORD01338,P0026,5,266.63,0.0,1333.15
OI03339,ORD01338,P0058,1,184.34,0.05,175.12
OI03340,ORD01338,P0025,5,117.02,0.05,555.84
OI03341,ORD01339,P0059,4,168.92,0.0,675.68
OI03342,ORD01339,P0008,3,43.51,0.0,130.53
OI03343,ORD01340,P0048,1,189.24,0.0,189.24
OI03344,ORD01340,P0034,1,47.09,0.05,44.74
OI03345,ORD01340,P0048,1,189.24,0.1,170.32
OI03346,ORD01340,P0056,3,64.45,0.05,183.68
OI03347,ORD01341,P0018,4,269.2,0.0,1076.8
OI03348,ORD01341,P0052,3,82.52,0.05,235.18
OI03349,ORD01341,P0014,2,55.53,0.05,105.51
OI03350,ORD01341,P0005,1,164.14,0.1,147.73
OI03351,ORD01342,P0020,4,164.66,0.0,658.64
OI03352,ORD01342,P0029,5,24.91,0.0,124.55
OI03353,ORD01342,P0046,3,39.88,0.0,119.64
OI03354,ORD01342,P0049,2,126.91,0.0,253.82
OI03355,ORD01343,P0001,5,116.43,0.15,494.83
OI03356,ORD01343,P0012,2,72.21,0.15,122.76
OI03357,ORD01343,P0016,5,128.27,0.15,545.15
OI03358,ORD01343,P0016,1,128.27,0.05,121.86
OI03359,ORD01344,P0044,4,191.46,0.05,727.55
OI03360,ORD01345,P0058,5,184.34,0.0,921.7
OI03361,ORD01345,P0021,3,36.81,0.15,93.87
OI03362,ORD01346,P0007,2,177.14,0.0,354.28
OI03363,ORD01346,P0060,1,222.4,0.05,211.28
OI03364,ORD01346,P0045,5,214.4,0.05,1018.4
OI03365,ORD01346,P0053,5,196.29,0.0,981.45
OI03366,ORD01347,P0059,2,168.92,0.1,304.06
OI03367,ORD01348,P0045,3,214.4,0.15,546.72
OI03368,ORD01349,P0011,5,126.96,0.1,571.32
OI03369,ORD01349,P0020,1,164.66,0.0,164.66
OI03370,ORD01349,P0041,4,223.53,0.15,760.0
OI03371,ORD01350,P0002,3,188.83,0.0,566.49
OI03372,ORD01350,P0007,4,177.14,0.15,602.28
OI03373,ORD01350,P0060,2,222.4,0.15,378.08
OI03374,ORD01351,P0019,1,65.06,0.0,65.06
OI03375,ORD01351,P0034,2,47.09,0.15,80.05
OI03376,ORD01352,P0006,3,15.78,0.1,42.61
OI03377,ORD01352,P0004,4,25.49,0.15,86.67
OI03378,ORD01352,P0002,5,188.83,0.1,849.74
OI03379,ORD01352,P0038,1,193.13,0.0,193.13
OI03380,ORD01353,P0052,4,82.52,0.1,297.07
OI03381,ORD01353,P0032,1,189.95,0.0,189.95
OI03382,ORD01354,P0018,3,269.2,0.0,807.6
OI03383,ORD01354,P0017,3,28.31,0.05,80.68
OI03384,ORD01354,P0020,4,164.66,0.15,559.84
OI03385,ORD01355,P0017,5,28.31,0.0,141.55
OI03386,ORD01356,P0022,3,19.3,0.0,57.9
OI03387,ORD01357,P0026,5,266.63,0.1,1199.84
OI03388,ORD01357,P0020,1,164.66,0.0,164.66
OI03389,ORD01357,P0045,3,214.4,0.05,611.04
OI03390,ORD01357,P0033,3,75.79,0.0,227.37
OI03391,ORD01358,P0002,4,188.83,0.0,755.32
OI03392,ORD01358,P0035,5,31.46,0.0,157.3
OI03393,ORD01358,P0041,2,223.53,0.0,447.06
OI03394,ORD01358,P0001,3,116.43,0.0,349.29
OI03395,ORD01359,P0012,3,72.21,0.05,205.8
OI03396,ORD01359,P0004,3,25.49,0.15,65.0
OI03397,ORD01359,P0016,3,128.27,0.0,384.81
OI03398,ORD01359,P0033,1,75.79,0.15,64.42
OI03399,ORD01360,P0011,4,126.96,0.15,431.66
OI03400,ORD01360,P0045,4,214.4,0.0,857.6
OI03401,ORD01360,P0031,1,89.19,0.1,80.27
OI03402,ORD01361,P0004,4,25.49,0.15,86.67
OI03403,ORD01361,P0039,2,152.53,0.0,305.06
OI03404,ORD01361,P0003,1,37.76,0.05,35.87
OI03405,ORD01362,P0028,1,178.03,0.1,160.23
OI03406,ORD01362,P0015,5,116.79,0.15,496.36
OI03407,ORD01362,P0003,3,37.76,0.1,101.95
OI03408,ORD01362,P0028,5,178.03,0.0,890.15
OI03409,ORD01363,P0006,2,15.78,0.0,31.56
OI03410,ORD01364,P0059,1,168.92,0.15,143.58
OI03411,ORD01364,P0060,1,222.4,0.15,189.04
OI03412,ORD01364,P0020,1,164.66,0.05,156.43
OI03413,ORD01365,P0053,3,196.29,0.1,529.98
OI03414,ORD01365,P0022,1,19.3,0.0,19.3
OI03415,ORD01365,P0052,5,82.52,0.0,412.6
OI03416,ORD01366,P0057,3,259.5,0.15,661.72
OI03417,ORD01366,P0039,5,152.53,0.0,762.65
OI03418,ORD01366,P0005,2,164.14,0.0,328.28
OI03419,ORD01367,P0040,5,76.18,0.0,380.9
OI03420,ORD01367,P0011,2,126.96,0.0,253.92
OI03421,ORD01367,P0059,4,168.92,0.05,641.9
OI03422,ORD01368,P0024,2,82.33,0.1,148.19
OI03423,ORD01368,P0012,4,72.21,0.05,274.4
OI03424,ORD01369,P0001,2,116.43,0.0,232.86
OI03425,ORD01369,P0030,2,17.27,0.1,31.09
OI03426,ORD01370,P0039,2,152.53,0.0,305.06
OI03427,ORD01371,P0051,3,16.51,0.1,44.58
OI03428,ORD01372,P0057,4,259.5,0.0,1038.0
OI03429,ORD01373,P0020,4,164.66,0.05,625.71
OI03430,ORD01374,P0030,4,17.27,0.05,65.63
OI03431,ORD01374,P0017,4,28.31,0.0,113.24
OI03432,ORD01374,P0005,4,164.14,0.05,623.73
OI03433,ORD01375,P0038,1,193.13,0.15,164.16
OI03434,ORD01375,P0015,4,116.79,0.1,420.44
OI03435,ORD01375,P0025,2,117.02,0.0,234.04
OI03436,ORD01375,P0005,1,164.14,0.0,164.14
OI03437,ORD01376,P0014,1,55.53,0.0,55.53
OI03438,ORD01377,P0038,3,193.13,0.15,492.48
OI03439,ORD01377,P0032,2,189.95,0.05,360.9
OI03440,ORD01377,P0057,4,259.5,0.05,986.1
OI03441,ORD01378,P0024,3,82.33,0.15,209.94
OI03442,ORD01378,P0032,4,189.95,0.05,721.81
OI03443,ORD01379,P0058,2,184.34,0.0,368.68
OI03444,ORD01379,P0039,1,152.53,0.1,137.28
OI03445,ORD01380,P0049,2,126.91,0.0,253.82
OI03446,ORD01381,P0058,5,184.34,0.1,829.53
OI03447,ORD01381,P0025,4,117.02,0.0,468.08
OI03448,ORD01381,P0059,5,168.92,0.0,844.6
OI03449,ORD01382,P0048,5,189.24,0.0,946.2
OI03450,ORD01382,P0060,2,222.4,0.05,422.56
OI03451,ORD01382,P0046,5,39.88,0.1,179.46
OI03452,ORD01383,P0005,1,164.14,0.05,155.93
OI03453,ORD01384,P0054,2,117.19,0.15,199.22
OI03454,ORD01385,P0004,5,25.49,0.1,114.7
OI03455,ORD01385,P0044,5,191.46,0.0,957.3
OI03456,ORD01385,P0053,2,196.29,0.05,372.95
OI03457,ORD01386,P0050,5,11.57,0.15,49.17
OI03458,ORD01386,P0042,4,68.75,0.0,275.0
OI03459,ORD01386,P0004,3,25.49,0.15,65.0
OI03460,ORD01386,P0028,3,178.03,0.05,507.39
OI03461,ORD01387,P0052,2,82.52,0.15,140.28
OI03462,ORD01387,P0042,5,68.75,0.0,343.75
OI03463,ORD01387,P0015,4,116.79,0.1,420.44
OI03464,ORD01388,P0034,3,47.09,0.15,120.08
OI03465,ORD01388,P0025,1,117.02,0.0,117.02
OI03466,ORD01389,P0014,5,55.53,0.0,277.65
OI03467,ORD01389,P0002,4,188.83,0.0,755.32
OI03468,ORD01389,P0038,5,193.13,0.1,869.08
OI03469,ORD01389,P0011,1,126.96,0.15,107.92
OI03470,ORD01390,P0055,2,49.93,0.0,99.86
OI03471,ORD01390,P0035,3,31.46,0.1,84.94
OI03472,ORD01390,P0004,5,25.49,0.15,108.33
OI03473,ORD01390,P0055,4,49.93,0.05,189.73
OI03474,ORD01391,P0015,3,116.79,0.1,315.33
OI03475,ORD01391,P0025,4,117.02,0.05,444.68
OI03476,ORD01392,P0018,3,269.2,0.15,686.46
OI03477,ORD01392,P0032,5,189.95,0.05,902.26
OI03478,ORD01392,P0053,1,196.29,0.0,196.29
OI03479,ORD01392,P0046,1,39.88,0.05,37.89
OI03480,ORD01393,P0027,1,271.32,0.0,271.32
OI03481,ORD01393,P0002,1,188.83,0.05,179.39
OI03482,ORD01393,P0034,2,47.09,0.05,89.47
OI03483,ORD01394,P0048,5,189.24,0.1,851.58
OI03484,ORD01394,P0017,3,28.31,0.0,84.93
OI03485,ORD01395,P0057,2,259.5,0.0,519.0
OI03486,ORD01395,P0052,5,82.52,0.05,391.97
OI03487,ORD01395,P0006,1,15.78,0.15,13.41
OI03488,ORD01396,P0049,1,126.91,0.1,114.22
OI03489,ORD01396,P0036,1,163.66,0.0,163.66
OI03490,ORD01397,P0023,1,74.28,0.15,63.14
OI03491,ORD01397,P0016,5,128.27,0.0,641.35
OI03492,ORD01398,P0029,3,24.91,0.0,74.73
OI03493,ORD01399,P0009,4,80.73,0.15,274.48
OI03494,ORD01399,P0009,1,80.73,0.15,68.62
OI03495,ORD01399,P0004,1,25.49,0.0,25.49
OI03496,ORD01400,P0057,3,259.5,0.1,700.65
OI03497,ORD01400,P0011,2,126.96,0.0,253.92
OI03498,ORD01400,P0049,3,126.91,0.05,361.69
OI03499,ORD01401,P0037,4,10.8,0.0,43.2
OI03500,ORD01401,P0010,1,99.31,0.05,94.34
OI03501,ORD01402,P0040,5,76.18,0.0,380.9
OI03502,ORD01402,P0049,3,126.91,0.15,323.62
OI03503,ORD01403,P0008,1,43.51,0.15,36.98
OI03504,ORD01404,P0041,1,223.53,0.15,190.0
OI03505,ORD01405,P0031,5,89.19,0.0,445.95
OI03506,ORD01405,P0025,3,117.02,0.0,351.06
OI03507,ORD01405,P0019,5,65.06,0.0,325.3
OI03508,ORD01405,P0057,2,259.5,0.0,519.0
OI03509,ORD01406,P0020,1,164.66,0.0,164.66
OI03510,ORD01406,P0004,5,25.49,0.15,108.33
OI03511,ORD01407,P0003,5,37.76,0.1,169.92
OI03512,ORD01407,P0043,1,74.83,0.0,74.83
OI03513,ORD01407,P0021,5,36.81,0.1,165.64
OI03514,ORD01407,P0023,3,74.28,0.05,211.7
OI03515,ORD01408,P0034,3,47.09,0.05,134.21
OI03516,ORD01408,P0050,4,11.57,0.05,43.97
OI03517,ORD01409,P0050,3,11.57,0.0,34.71
OI03518,ORD01409,P0002,4,188.83,0.1,679.79
OI03519,ORD01410,P0043,4,74.83,0.15,254.42
OI03520,ORD01411,P0028,4,178.03,0.1,640.91
OI03521,ORD01412,P0035,2,31.46,0.0,62.92
OI03522,ORD01413,P0041,3,223.53,0.05,637.06
OI03523,ORD01413,P0005,4,164.14,0.1,590.9
OI03524,ORD01414,P0037,2,10.8,0.15,18.36
OI03525,ORD01414,P0037,3,10.8,0.0,32.4
OI03526,ORD01414,P0050,3,11.57,0.0,34.71
OI03527,ORD01415,P0039,2,152.53,0.0,305.06
OI03528,ORD01416,P0041,3,223.53,0.0,670.59
OI03529,ORD01416,P0044,3,191.46,0.0,574.38
OI03530,ORD01416,P0023,3,74.28,0.05,211.7
OI03531,ORD01417,P0031,2,89.19,0.05,169.46
OI03532,ORD01417,P0030,4,17.27,0.0,69.08
OI03533,ORD01418,P0060,2,222.4,0.0,444.8
OI03534,ORD01418,P0023,1,74.28,0.05,70.57
OI03535,ORD01418,P0046,4,39.88,0.05,151.54
OI03536,ORD01418,P0055,3,49.93,0.0,149.79
OI03537,ORD01419,P0003,1,37.76,0.1,33.98
OI03538,ORD01419,P0032,5,189.95,0.15,807.29
OI03539,ORD01419,P0054,4,117.19,0.0,468.76
OI03540,ORD01419,P0014,3,55.53,0.0,166.59
OI03541,ORD01420,P0013,4,130.8,0.0,523.2
OI03542,ORD01420,P0025,2,117.02,0.0,234.04
OI03543,ORD01421,P0032,3,189.95,0.0,569.85
OI03544,ORD01421,P0008,4,43.51,0.15,147.93
OI03545,ORD01421,P0009,5,80.73,0.0,403.65
OI03546,ORD01422,P0030,1,17.27,0.1,15.54
OI03547,ORD01422,P0008,3,43.51,0.15,110.95
OI03548,ORD01422,P0055,5,49.93,0.1,224.68
OI03549,ORD01422,P0055,3,49.93,0.0,149.79
OI03550,ORD01423,P0004,4,25.49,0.1,91.76
OI03551,ORD01423,P0045,1,214.4,0.1,192.96
OI03552,ORD01424,P0010,4,99.31,0.0,397.24
OI03553,ORD01425,P0026,2,266.63,0.15,453.27
OI03554,ORD01425,P0016,3,128.27,0.05,365.57
OI03555,ORD01426,P0005,1,164.14,0.0,164.14
OI03556,ORD01426,P0037,5,10.8,0.1,48.6
OI03557,ORD01426,P0011,3,126.96,0.05,361.84
OI03558,ORD01426,P0025,4,117.02,0.0,468.08
OI03559,ORD01427,P0053,2,196.29,0.15,333.69
OI03560,ORD01428,P0043,1,74.83,0.15,63.61
OI03561,ORD01428,P0026,3,266.63,0.15,679.91
OI03562,ORD01429,P0017,4,28.31,0.15,96.25
OI03563,ORD01429,P0035,5,31.46,0.15,133.71
OI03564,ORD01429,P0047,1,192.68,0.15,163.78
OI03565,ORD01430,P0039,3,152.53,0.15,388.95
OI03566,ORD01430,P0029,1,24.91,0.15,21.17
OI03567,ORD01430,P0017,1,28.31,0.0,28.31
OI03568,ORD01431,P0039,3,152.53,0.1,411.83
OI03569,ORD01431,P0008,5,43.51,0.0,217.55
OI03570,ORD01431,P0059,2,168.92,0.0,337.84
OI03571,ORD01432,P0016,2,128.27,0.1,230.89
OI03572,ORD01432,P0016,5,128.27,0.05,609.28
OI03573,ORD01432,P0055,4,49.93,0.15,169.76
OI03574,ORD01433,P0012,4,72.21,0.05,274.4
OI03575,ORD01434,P0036,1,163.66,0.05,155.48
OI03576,ORD01434,P0019,5,65.06,0.0,325.3
OI03577,ORD01434,P0029,1,24.91,0.0,24.91
OI03578,ORD01435,P0041,3,223.53,0.15,570.0
OI03579,ORD01436,P0032,5,189.95,0.0,949.75
OI03580,ORD01437,P0057,5,259.5,0.0,1297.5
OI03581,ORD01437,P0009,2,80.73,0.0,161.46
OI03582,ORD01437,P0004,5,25.49,0.15,108.33
OI03583,ORD01438,P0007,4,177.14,0.0,708.56
OI03584,ORD01438,P0051,4,16.51,0.0,66.04
OI03585,ORD01438,P0054,1,117.19,0.0,117.19
OI03586,ORD01438,P0050,2,11.57,0.0,23.14
OI03587,ORD01439,P0046,5,39.88,0.15,169.49
OI03588,ORD01439,P0003,4,37.76,0.0,151.04
OI03589,ORD01440,P0019,2,65.06,0.0,130.12
OI03590,ORD01440,P0053,2,196.29,0.0,392.58
OI03591,ORD01440,P0038,5,193.13,0.0,965.65
OI03592,ORD01441,P0038,5,193.13,0.15,820.8
OI03593,ORD01441,P0019,4,65.06,0.15,221.2
OI03594,ORD01441,P0013,5,130.8,0.0,654.0
OI03595,ORD01442,P0028,1,178.03,0.05,169.13
OI03596,ORD01443,P0005,1,164.14,0.0,164.14
OI03597,ORD01443,P0011,2,126.96,0.0,253.92
OI03598,ORD01443,P0046,5,39.88,0.1,179.46
OI03599,ORD01443,P0054,2,117.19,0.05,222.66
OI03600,ORD01444,P0027,3,271.32,0.0,813.96
OI03601,ORD01444,P0006,4,15.78,0.15,53.65
OI03602,ORD01444,P0035,1,31.46,0.0,31.46
OI03603,ORD01445,P0046,1,39.88,0.0,39.88
OI03604,ORD01445,P0005,4,164.14,0.05,623.73
OI03605,ORD01446,P0026,5,266.63,0.1,1199.84
OI03606,ORD01447,P0002,1,188.83,0.0,188.83
OI03607,ORD01447,P0059,1,168.92,0.1,152.03
OI03608,ORD01447,P0035,2,31.46,0.0,62.92
OI03609,ORD01448,P0057,3,259.5,0.05,739.58
OI03610,ORD01448,P0053,5,196.29,0.0,981.45
OI03611,ORD01449,P0049,2,126.91,0.05,241.13
OI03612,ORD01449,P0031,1,89.19,0.0,89.19
OI03613,ORD01449,P0029,2,24.91,0.0,49.82
OI03614,ORD01450,P0001,5,116.43,0.0,582.15
OI03615,ORD01450,P0001,1,116.43,0.0,116.43
OI03616,ORD01450,P0043,5,74.83,0.0,374.15
OI03617,ORD01451,P0026,5,266.63,0.05,1266.49
OI03618,ORD01451,P0052,1,82.52,0.15,70.14
OI03619,ORD01451,P0027,3,271.32,0.1,732.56
OI03620,ORD01452,P0033,1,75.79,0.0,75.79
OI03621,ORD01453,P0058,2,184.34,0.0,368.68
OI03622,ORD01453,P0009,5,80.73,0.0,403.65
OI03623,ORD01454,P0037,4,10.8,0.0,43.2
OI03624,ORD01454,P0009,2,80.73,0.15,137.24
OI03625,ORD01455,P0041,3,223.53,0.1,603.53
OI03626,ORD01456,P0047,2,192.68,0.0,385.36
OI03627,ORD01457,P0009,2,80.73,0.1,145.31
OI03628,ORD01457,P0017,3,28.31,0.05,80.68
OI03629,ORD01458,P0054,2,117.19,0.15,199.22
OI03630,ORD01459,P0014,3,55.53,0.0,166.59
OI03631,ORD01460,P0002,4,188.83,0.1,679.79
OI03632,ORD01460,P0012,3,72.21,0.05,205.8
OI03633,ORD01461,P0021,5,36.81,0.05,174.85
OI03634,ORD01461,P0048,3,189.24,0.1,510.95
OI03635,ORD01461,P0042,5,68.75,0.0,343.75
OI03636,ORD01462,P0041,1,223.53,0.0,223.53
OI03637,ORD01462,P0029,4,24.91,0.0,99.64
OI03638,ORD01462,P0023,2,74.28,0.0,148.56
OI03639,ORD01463,P0060,4,222.4,0.05,845.12
OI03640,ORD01463,P0034,2,47.09,0.15,80.05
OI03641,ORD01464,P0033,2,75.79,0.1,136.42
OI03642,ORD01464,P0021,4,36.81,0.0,147.24
OI03643,ORD01465,P0036,5,163.66,0.15,695.56
OI03644,ORD01465,P0047,3,192.68,0.05,549.14
OI03645,ORD01466,P0001,2,116.43,0.0,232.86
OI03646,ORD01467,P0048,4,189.24,0.15,643.42
OI03647,ORD01467,P0049,1,126.91,0.15,107.87
OI03648,ORD01467,P0020,3,164.66,0.0,493.98
OI03649,ORD01467,P0054,3,117.19,0.0,351.57
OI03650,ORD01468,P0028,3,178.03,0.1,480.68
OI03651,ORD01468,P0020,5,164.66,0.0,823.3
OI03652,ORD01468,P0003,4,37.76,0.05,143.49
OI03653,ORD01468,P0053,5,196.29,0.0,981.45
OI03654,ORD01469,P0013,4,130.8,0.0,523.2
OI03655,ORD01469,P0044,2,191.46,0.1,344.63
OI03656,ORD01469,P0060,5,222.4,0.0,1112.0
OI03657,ORD01469,P0012,5,72.21,0.0,361.05
OI03658,ORD01470,P0032,5,189.95,0.05,902.26
OI03659,ORD01471,P0056,5,64.45,0.1,290.03
OI03660,ORD01471,P0050,4,11.57,0.0,46.28
OI03661,ORD01472,P0012,4,72.21,0.1,259.96
OI03662,ORD01472,P0023,1,74.28,0.0,74.28
OI03663,ORD01472,P0036,4,163.66,0.15,556.44
OI03664,ORD01472,P0033,5,75.79,0.0,378.95
OI03665,ORD01473,P0053,2,196.29,0.15,333.69
OI03666,ORD01474,P0012,4,72.21,0.0,288.84
OI03667,ORD01474,P0014,5,55.53,0.15,236.0
OI03668,ORD01475,P0056,4,64.45,0.15,219.13
OI03669,ORD01475,P0024,5,82.33,0.15,349.9
OI03670,ORD01475,P0001,3,116.43,0.05,331.83
OI03671,ORD01475,P0031,2,89.19,0.15,151.62
OI03672,ORD01476,P0007,4,177.14,0.15,602.28
OI03673,ORD01477,P0059,2,168.92,0.0,337.84
OI03674,ORD01478,P0038,3,193.13,0.0,579.39
OI03675,ORD01478,P0018,3,269.2,0.1,726.84
OI03676,ORD01478,P0007,2,177.14,0.0,354.28
OI03677,ORD01478,P0006,5,15.78,0.1,71.01
OI03678,ORD01479,P0015,3,116.79,0.0,350.37
OI03679,ORD01479,P0018,2,269.2,0.0,538.4
OI03680,ORD01479,P0037,1,10.8,0.0,10.8
OI03681,ORD01479,P0056,3,64.45,0.0,193.35
OI03682,ORD01480,P0055,4,49.93,0.15,169.76
OI03683,ORD01480,P0042,1,68.75,0.15,58.44
OI03684,ORD01481,P0039,3,152.53,0.0,457.59
OI03685,ORD01481,P0052,2,82.52,0.0,165.04
OI03686,ORD01482,P0031,1,89.19,0.1,80.27
OI03687,ORD01482,P0034,1,47.09,0.05,44.74
OI03688,ORD01482,P0056,2,64.45,0.15,109.56
OI03689,ORD01482,P0025,3,117.02,0.15,298.4
OI03690,ORD01483,P0059,2,168.92,0.05,320.95
OI03691,ORD01483,P0039,3,152.53,0.0,457.59
OI03692,ORD01483,P0004,4,25.49,0.0,101.96
OI03693,ORD01484,P0058,4,184.34,0.15,626.76
OI03694,ORD01484,P0047,3,192.68,0.1,520.24
OI03695,ORD01484,P0037,2,10.8,0.0,21.6
OI03696,ORD01484,P0019,5,65.06,0.0,325.3
OI03697,ORD01485,P0017,1,28.31,0.15,24.06
OI03698,ORD01485,P0040,3,76.18,0.1,205.69
OI03699,ORD01485,P0017,3,28.31,0.0,84.93
OI03700,ORD01486,P0048,3,189.24,0.1,510.95
OI03701,ORD01486,P0012,5,72.21,0.0,361.05
OI03702,ORD01486,P0050,3,11.57,0.0,34.71
OI03703,ORD01487,P0019,2,65.06,0.1,117.11
OI03704,ORD01488,P0048,4,189.24,0.15,643.42
OI03705,ORD01489,P0003,1,37.76,0.1,33.98
OI03706,ORD01489,P0003,5,37.76,0.0,188.8
OI03707,ORD01489,P0042,4,68.75,0.0,275.0
OI03708,ORD01489,P0024,4,82.33,0.0,329.32
OI03709,ORD01490,P0017,4,28.31,0.0,113.24
OI03710,ORD01490,P0057,5,259.5,0.15,1102.88
OI03711,ORD01491,P0057,4,259.5,0.0,1038.0
OI03712,ORD01492,P0012,3,72.21,0.0,216.63
OI03713,ORD01492,P0030,3,17.27,0.15,44.04
OI03714,ORD01493,P0042,5,68.75,0.1,309.38
OI03715,ORD01493,P0041,2,223.53,0.05,424.71
OI03716,ORD01493,P0053,3,196.29,0.15,500.54
OI03717,ORD01493,P0057,2,259.5,0.0,519.0
OI03718,ORD01494,P0013,3,130.8,0.05,372.78
OI03719,ORD01494,P0021,2,36.81,0.1,66.26
OI03720,ORD01495,P0006,1,15.78,0.1,14.2
OI03721,ORD01495,P0009,3,80.73,0.0,242.19
OI03722,ORD01496,P0014,4,55.53,0.0,222.12
OI03723,ORD01496,P0058,2,184.34,0.0,368.68
OI03724,ORD01497,P0002,2,188.83,0.15,321.01
OI03725,ORD01497,P0034,3,47.09,0.15,120.08
OI03726,ORD01498,P0053,3,196.29,0.0,588.87
OI03727,ORD01499,P0010,4,99.31,0.05,377.38
OI03728,ORD01499,P0047,3,192.68,0.05,549.14
OI03729,ORD01499,P0017,2,28.31,0.15,48.13
OI03730,ORD01500,P0033,2,75.79,0.0,151.58
OI03731,ORD01500,P0008,2,43.51,0.0,87.02
OI03732,ORD01500,P0059,3,168.92,0.15,430.75
OI03733,ORD01501,P0028,2,178.03,0.05,338.26
OI03734,ORD01501,P0013,5,130.8,0.1,588.6
OI03735,ORD01502,P0006,4,15.78,0.15,53.65
OI03736,ORD01502,P0028,1,178.03,0.0,178.03
OI03737,ORD01502,P0028,4,178.03,0.15,605.3
OI03738,ORD01503,P0047,2,192.68,0.1,346.82
OI03739,ORD01503,P0014,3,55.53,0.15,141.6
OI03740,ORD01503,P0046,3,39.88,0.0,119.64
OI03741,ORD01503,P0009,2,80.73,0.0,161.46
OI03742,ORD01504,P0019,2,65.06,0.05,123.61
OI03743,ORD01504,P0037,5,10.8,0.1,48.6
OI03744,ORD01505,P0041,2,223.53,0.1,402.35
OI03745,ORD01505,P0005,5,164.14,0.05,779.66
OI03746,ORD01505,P0046,2,39.88,0.0,79.76
OI03747,ORD01505,P0051,3,16.51,0.05,47.05
OI03748,ORD01506,P0012,4,72.21,0.1,259.96
OI03749,ORD01506,P0050,5,11.57,0.1,52.07
OI03750,ORD01507,P0029,3,24.91,0.1,67.26
OI03751,ORD01508,P0029,5,24.91,0.05,118.32
OI03752,ORD01509,P0009,5,80.73,0.05,383.47
OI03753,ORD01510,P0002,2,188.83,0.15,321.01
OI03754,ORD01510,P0005,4,164.14,0.1,590.9
OI03755,ORD01510,P0033,3,75.79,0.0,227.37
OI03756,ORD01511,P0020,4,164.66,0.0,658.64
OI03757,ORD01511,P0029,4,24.91,0.0,99.64
OI03758,ORD01511,P0059,4,168.92,0.0,675.68
OI03759,ORD01511,P0021,3,36.81,0.15,93.87
OI03760,ORD01512,P0047,4,192.68,0.0,770.72
OI03761,ORD01512,P0058,4,184.34,0.15,626.76
OI03762,ORD01512,P0024,1,82.33,0.05,78.21
OI03763,ORD01513,P0039,5,152.53,0.1,686.38
OI03764,ORD01514,P0030,5,17.27,0.15,73.4
OI03765,ORD01515,P0023,4,74.28,0.0,297.12
OI03766,ORD01515,P0012,1,72.21,0.15,61.38
OI03767,ORD01515,P0029,5,24.91,0.1,112.1
OI03768,ORD01515,P0056,5,64.45,0.15,273.91
OI03769,ORD01516,P0044,1,191.46,0.0,191.46
OI03770,ORD01516,P0041,1,223.53,0.0,223.53
OI03771,ORD01516,P0051,1,16.51,0.05,15.68
OI03772,ORD01516,P0004,4,25.49,0.15,86.67
OI03773,ORD01517,P0034,5,47.09,0.1,211.91
OI03774,ORD01517,P0024,3,82.33,0.0,246.99
OI03775,ORD01517,P0047,1,192.68,0.0,192.68
OI03776,ORD01517,P0047,3,192.68,0.0,578.04
OI03777,ORD01518,P0051,1,16.51,0.15,14.03
OI03778,ORD01518,P0042,3,68.75,0.1,185.62
OI03779,ORD01518,P0022,1,19.3,0.15,16.4
OI03780,ORD01519,P0035,4,31.46,0.0,125.84
OI03781,ORD01519,P0042,1,68.75,0.0,68.75
OI03782,ORD01520,P0020,1,164.66,0.0,164.66
OI03783,ORD01520,P0028,3,178.03,0.1,480.68
OI03784,ORD01520,P0023,2,74.28,0.05,141.13
OI03785,ORD01520,P0003,1,37.76,0.05,35.87
OI03786,ORD01521,P0055,2,49.93,0.0,99.86
OI03787,ORD01521,P0029,1,24.91,0.0,24.91
OI03788,ORD01521,P0037,5,10.8,0.15,45.9
OI03789,ORD01521,P0014,1,55.53,0.15,47.2
OI03790,ORD01522,P0038,2,193.13,0.1,347.63
OI03791,ORD01522,P0026,3,266.63,0.0,799.89
OI03792,ORD01522,P0039,3,152.53,0.0,457.59
OI03793,ORD01523,P0053,2,196.29,0.0,392.58
OI03794,ORD01523,P0031,5,89.19,0.05,423.65
OI03795,ORD01523,P0035,5,31.46,0.15,133.71
OI03796,ORD01523,P0019,1,65.06,0.0,65.06
OI03797,ORD01524,P0029,4,24.91,0.0,99.64
OI03798,ORD01524,P0043,5,74.83,0.15,318.03
OI03799,ORD01524,P0052,5,82.52,0.15,350.71
OI03800,ORD01524,P0033,2,75.79,0.1,136.42
OI03801,ORD01525,P0051,3,16.51,0.0,49.53
OI03802,ORD01526,P0052,3,82.52,0.15,210.43
OI03803,ORD01526,P0024,4,82.33,0.1,296.39
OI03804,ORD01526,P0024,5,82.33,0.0,411.65
OI03805,ORD01526,P0039,1,152.53,0.0,152.53
OI03806,ORD01527,P0006,3,15.78,0.15,40.24
OI03807,ORD01527,P0003,2,37.76,0.1,67.97
OI03808,ORD01527,P0044,5,191.46,0.05,909.44
OI03809,ORD01527,P0002,4,188.83,0.05,717.55
OI03810,ORD01528,P0042,5,68.75,0.0,343.75
OI03811,ORD01528,P0032,5,189.95,0.05,902.26
OI03812,ORD01528,P0029,4,24.91,0.0,99.64
OI03813,ORD01529,P0030,1,17.27,0.15,14.68
OI03814,ORD01530,P0017,2,28.31,0.05,53.79
OI03815,ORD01530,P0045,2,214.4,0.0,428.8
OI03816,ORD01530,P0046,4,39.88,0.0,159.52
OI03817,ORD01531,P0023,2,74.28,0.05,141.13
OI03818,ORD01531,P0007,5,177.14,0.1,797.13
OI03819,ORD01531,P0057,4,259.5,0.1,934.2
OI03820,ORD01531,P0016,5,128.27,0.05,609.28
OI03821,ORD01532,P0033,3,75.79,0.0,227.37
OI03822,ORD01532,P0036,2,163.66,0.1,294.59
OI03823,ORD01532,P0039,2,152.53,0.0,305.06
OI03824,ORD01532,P0030,5,17.27,0.05,82.03
OI03825,ORD01533,P0060,3,222.4,0.0,667.2
OI03826,ORD01534,P0028,1,178.03,0.0,178.03
OI03827,ORD01534,P0032,4,189.95,0.1,683.82
OI03828,ORD01535,P0060,5,222.4,0.1,1000.8
OI03829,ORD01535,P0056,1,64.45,0.1,58.0
OI03830,ORD01535,P0033,4,75.79,0.0,303.16
OI03831,ORD01535,P0052,4,82.52,0.0,330.08
OI03832,ORD01536,P0059,3,168.92,0.1,456.08
OI03833,ORD01536,P0044,5,191.46,0.0,957.3
OI03834,ORD01537,P0003,5,37.76,0.15,160.48
OI03835,ORD01537,P0031,4,89.19,0.1,321.08
OI03836,ORD01537,P0039,2,152.53,0.15,259.3
OI03837,ORD01538,P0026,2,266.63,0.1,479.93
OI03838,ORD01538,P0041,3,223.53,0.1,603.53
OI03839,ORD01538,P0044,1,191.46,0.1,172.31
OI03840,ORD01539,P0022,4,19.3,0.15,65.62
OI03841,ORD01540,P0016,5,128.27,0.0,641.35
OI03842,ORD01540,P0020,4,164.66,0.1,592.78
OI03843,ORD01540,P0001,1,116.43,0.0,116.43
OI03844,ORD01540,P0009,4,80.73,0.15,274.48
OI03845,ORD01541,P0058,3,184.34,0.05,525.37
OI03846,ORD01541,P0050,3,11.57,0.15,29.5
OI03847,ORD01541,P0002,3,188.83,0.05,538.17
OI03848,ORD01541,P0038,2,193.13,0.0,386.26
OI03849,ORD01542,P0015,2,116.79,0.15,198.54
OI03850,ORD01542,P0010,4,99.31,0.05,377.38
OI03851,ORD01542,P0017,2,28.31,0.0,56.62
OI03852,ORD01542,P0041,2,223.53,0.05,424.71
OI03853,ORD01543,P0021,5,36.81,0.05,174.85
OI03854,ORD01543,P0003,3,37.76,0.0,113.28
OI03855,ORD01544,P0050,3,11.57,0.05,32.97
OI03856,ORD01544,P0017,3,28.31,0.0,84.93
OI03857,ORD01545,P0001,4,116.43,0.15,395.86
OI03858,ORD01545,P0053,1,196.29,0.0,196.29
OI03859,ORD01545,P0029,4,24.91,0.05,94.66
OI03860,ORD01545,P0026,3,266.63,0.1,719.9
OI03861,ORD01546,P0041,2,223.53,0.15,380.0
OI03862,ORD01547,P0021,4,36.81,0.1,132.52
OI03863,ORD01547,P0037,3,10.8,0.1,29.16
OI03864,ORD01547,P0034,5,47.09,0.1,211.91
OI03865,ORD01547,P0055,4,49.93,0.1,179.75
OI03866,ORD01548,P0036,4,163.66,0.05,621.91
OI03867,ORD01548,P0028,2,178.03,0.0,356.06
OI03868,ORD01548,P0044,4,191.46,0.15,650.96
OI03869,ORD01548,P0001,3,116.43,0.05,331.83
OI03870,ORD01549,P0021,1,36.81,0.0,36.81
OI03871,ORD01549,P0043,5,74.83,0.0,374.15
OI03872,ORD01550,P0041,3,223.53,0.0,670.59
OI03873,ORD01550,P0001,2,116.43,0.0,232.86
OI03874,ORD01550,P0051,5,16.51,0.0,82.55
OI03875,ORD01551,P0046,5,39.88,0.0,199.4
OI03876,ORD01551,P0048,2,189.24,0.0,378.48
OI03877,ORD01552,P0025,4,117.02,0.1,421.27
OI03878,ORD01552,P0026,4,266.63,0.0,1066.52
OI03879,ORD01552,P0031,3,89.19,0.15,227.43
OI03880,ORD01553,P0018,5,269.2,0.1,1211.4
OI03881,ORD01554,P0013,4,130.8,0.1,470.88
OI03882,ORD01554,P0021,2,36.81,0.0,73.62
OI03883,ORD01555,P0048,5,189.24,0.05,898.89
OI03884,ORD01556,P0042,4,68.75,0.0,275.0
OI03885,ORD01557,P0021,4,36.81,0.1,132.52
OI03886,ORD01557,P0057,5,259.5,0.1,1167.75
OI03887,ORD01558,P0054,5,117.19,0.15,498.06
OI03888,ORD01558,P0051,1,16.51,0.0,16.51
OI03889,ORD01558,P0048,3,189.24,0.15,482.56
OI03890,ORD01559,P0025,3,117.02,0.05,333.51
OI03891,ORD01559,P0051,5,16.51,0.15,70.17
OI03892,ORD01559,P0007,5,177.14,0.0,885.7
OI03893,ORD01560,P0033,4,75.79,0.15,257.69
OI03894,ORD01561,P0034,5,47.09,0.1,211.91
OI03895,ORD01561,P0058,2,184.34,0.0,368.68
OI03896,ORD01561,P0046,3,39.88,0.0,119.64
OI03897,ORD01562,P0059,3,168.92,0.0,506.76
OI03898,ORD01562,P0041,3,223.53,0.0,670.59
OI03899,ORD01562,P0034,5,47.09,0.05,223.68
OI03900,ORD01562,P0016,2,128.27,0.0,256.54
OI03901,ORD01563,P0034,3,47.09,0.0,141.27
OI03902,ORD01563,P0047,3,192.68,0.15,491.33
OI03903,ORD01564,P0057,1,259.5,0.1,233.55
OI03904,ORD01564,P0044,5,191.46,0.05,909.44
OI03905,ORD01564,P0021,4,36.81,0.0,147.24
OI03906,ORD01565,P0010,3,99.31,0.1,268.14
OI03907,ORD01565,P0032,1,189.95,0.0,189.95
OI03908,ORD01565,P0008,2,43.51,0.05,82.67
OI03909,ORD01566,P0052,4,82.52,0.0,330.08
OI03910,ORD01566,P0014,5,55.53,0.15,236.0
OI03911,ORD01567,P0010,3,99.31,0.0,297.93
OI03912,ORD01568,P0056,1,64.45,0.05,61.23
OI03913,ORD01568,P0002,1,188.83,0.15,160.51
OI03914,ORD01569,P0047,2,192.68,0.0,385.36
OI03915,ORD01570,P0003,5,37.76,0.15,160.48
OI03916,ORD01570,P0059,1,168.92,0.15,143.58
OI03917,ORD01570,P0017,1,28.31,0.15,24.06
OI03918,ORD01571,P0030,4,17.27,0.1,62.17
OI03919,ORD01571,P0043,4,74.83,0.15,254.42
OI03920,ORD01571,P0057,1,259.5,0.15,220.58
OI03921,ORD01571,P0036,3,163.66,0.05,466.43
OI03922,ORD01572,P0040,3,76.18,0.1,205.69
OI03923,ORD01572,P0056,1,64.45,0.15,54.78
OI03924,ORD01573,P0022,1,19.3,0.15,16.4
OI03925,ORD01573,P0022,5,19.3,0.05,91.68
OI03926,ORD01573,P0046,2,39.88,0.0,79.76
OI03927,ORD01573,P0059,4,168.92,0.15,574.33
OI03928,ORD01574,P0012,3,72.21,0.05,205.8
OI03929,ORD01574,P0013,5,130.8,0.0,654.0
OI03930,ORD01574,P0043,4,74.83,0.05,284.35
OI03931,ORD01575,P0055,1,49.93,0.15,42.44
OI03932,ORD01576,P0007,2,177.14,0.0,354.28
OI03933,ORD01576,P0005,1,164.14,0.0,164.14
OI03934,ORD01576,P0037,5,10.8,0.1,48.6
OI03935,ORD01577,P0014,1,55.53,0.05,52.75
OI03936,ORD01577,P0022,4,19.3,0.05,73.34
OI03937,ORD01577,P0011,5,126.96,0.0,634.8
OI03938,ORD01578,P0002,5,188.83,0.1,849.74
OI03939,ORD01579,P0027,1,271.32,0.05,257.75
OI03940,ORD01579,P0044,1,191.46,0.0,191.46
OI03941,ORD01579,P0027,5,271.32,0.0,1356.6
OI03942,ORD01580,P0048,3,189.24,0.1,510.95
OI03943,ORD01581,P0059,4,168.92,0.0,675.68
OI03944,ORD01581,P0021,1,36.81,0.1,33.13
OI03945,ORD01581,P0056,2,64.45,0.0,128.9
OI03946,ORD01581,P0036,3,163.66,0.0,490.98
OI03947,ORD01582,P0035,3,31.46,0.1,84.94
OI03948,ORD01583,P0025,3,117.02,0.0,351.06
OI03949,ORD01583,P0060,3,222.4,0.15,567.12
OI03950,ORD01583,P0058,5,184.34,0.15,783.44
OI03951,ORD01584,P0051,5,16.51,0.05,78.42
OI03952,ORD01584,P0022,2,19.3,0.0,38.6
OI03953,ORD01585,P0004,1,25.49,0.15,21.67
OI03954,ORD01586,P0022,2,19.3,0.1,34.74
OI03955,ORD01586,P0036,2,163.66,0.05,310.95
OI03956,ORD01587,P0021,3,36.81,0.0,110.43
OI03957,ORD01587,P0022,2,19.3,0.15,32.81
OI03958,ORD01587,P0014,3,55.53,0.05,158.26
OI03959,ORD01588,P0054,1,117.19,0.05,111.33
OI03960,ORD01588,P0010,3,99.31,0.0,297.93
OI03961,ORD01588,P0030,5,17.27,0.0,86.35
OI03962,ORD01588,P0051,1,16.51,0.0,16.51
OI03963,ORD01589,P0005,5,164.14,0.0,820.7
OI03964,ORD01589,P0058,4,184.34,0.15,626.76
OI03965,ORD01589,P0055,4,49.93,0.0,199.72
OI03966,ORD01590,P0038,2,193.13,0.1,347.63
OI03967,ORD01590,P0046,1,39.88,0.15,33.9
OI03968,ORD01590,P0009,3,80.73,0.05,230.08
OI03969,ORD01591,P0014,1,55.53,0.1,49.98
OI03970,ORD01591,P0002,2,188.83,0.15,321.01
OI03971,ORD01591,P0024,1,82.33,0.0,82.33
OI03972,ORD01591,P0053,2,196.29,0.1,353.32
OI03973,ORD01592,P0022,5,19.3,0.05,91.68
OI03974,ORD01592,P0041,2,223.53,0.1,402.35
OI03975,ORD01593,P0023,4,74.28,0.0,297.12
OI03976,ORD01593,P0009,1,80.73,0.0,80.73
OI03977,ORD01593,P0048,4,189.24,0.15,643.42
OI03978,ORD01594,P0011,2,126.96,0.0,253.92
OI03979,ORD01594,P0030,2,17.27,0.1,31.09
OI03980,ORD01594,P0058,2,184.34,0.0,368.68
OI03981,ORD01595,P0030,5,17.27,0.0,86.35
OI03982,ORD01595,P0058,3,184.34,0.1,497.72
OI03983,ORD01596,P0047,1,192.68,0.1,173.41
OI03984,ORD01597,P0059,5,168.92,0.05,802.37
OI03985,ORD01597,P0012,1,72.21,0.0,72.21
OI03986,ORD01597,P0047,3,192.68,0.0,578.04
OI03987,ORD01597,P0055,4,49.93,0.0,199.72
OI03988,ORD01598,P0026,5,266.63,0.15,1133.18
OI03989,ORD01598,P0022,3,19.3,0.0,57.9
OI03990,ORD01598,P0037,2,10.8,0.0,21.6
OI03991,ORD01598,P0031,5,89.19,0.05,423.65
OI03992,ORD01599,P0056,3,64.45,0.05,183.68
OI03993,ORD01599,P0060,5,222.4,0.0,1112.0
OI03994,ORD01599,P0040,5,76.18,0.1,342.81
OI03995,ORD01599,P0004,5,25.49,0.15,108.33
OI03996,ORD01600,P0023,2,74.28,0.0,148.56
OI03997,ORD01601,P0009,3,80.73,0.15,205.86
OI03998,ORD01601,P0034,3,47.09,0.05,134.21
OI03999,ORD01601,P0060,3,222.4,0.1,600.48
OI04000,ORD01601,P0002,2,188.83,0.0,377.66
OI04001,ORD01602,P0027,5,271.32,0.15,1153.11
OI04002,ORD01602,P0028,2,178.03,0.15,302.65
OI04003,ORD01602,P0058,2,184.34,0.15,313.38
OI04004,ORD01603,P0044,2,191.46,0.15,325.48
OI04005,ORD01603,P0037,2,10.8,0.15,18.36
OI04006,ORD01603,P0056,4,64.45,0.0,257.8
OI04007,ORD01604,P0001,1,116.43,0.0,116.43
OI04008,ORD01604,P0051,2,16.51,0.0,33.02
OI04009,ORD01604,P0059,1,168.92,0.05,160.47
OI04010,ORD01604,P0005,2,164.14,0.0,328.28
OI04011,ORD01605,P0021,5,36.81,0.0,184.05
OI04012,ORD01605,P0002,5,188.83,0.0,944.15
OI04013,ORD01606,P0029,2,24.91,0.0,49.82
OI04014,ORD01606,P0050,2,11.57,0.0,23.14
OI04015,ORD01607,P0054,5,117.19,0.1,527.36
OI04016,ORD01607,P0058,3,184.34,0.15,470.07
OI04017,ORD01607,P0037,4,10.8,0.1,38.88
OI04018,ORD01608,P0031,1,89.19,0.0,89.19
OI04019,ORD01608,P0046,4,39.88,0.15,135.59
OI04020,ORD01608,P0003,3,37.76,0.0,113.28
OI04021,ORD01608,P0045,1,214.4,0.0,214.4
OI04022,ORD01609,P0013,4,130.8,0.05,497.04
OI04023,ORD01609,P0003,4,37.76,0.0,151.04
OI04024,ORD01609,P0041,3,223.53,0.0,670.59
OI04025,ORD01609,P0016,3,128.27,0.0,384.81
OI04026,ORD01610,P0044,3,191.46,0.0,574.38
OI04027,ORD01610,P0025,1,117.02,0.0,117.02
OI04028,ORD01610,P0053,2,196.29,0.0,392.58
OI04029,ORD01611,P0041,2,223.53,0.15,380.0
OI04030,ORD01611,P0033,4,75.79,0.1,272.84
OI04031,ORD01612,P0023,1,74.28,0.0,74.28
OI04032,ORD01612,P0036,1,163.66,0.0,163.66
OI04033,ORD01612,P0056,1,64.45,0.15,54.78
OI04034,ORD01613,P0045,1,214.4,0.0,214.4
OI04035,ORD01613,P0031,3,89.19,0.1,240.81
OI04036,ORD01613,P0015,2,116.79,0.0,233.58
OI04037,ORD01614,P0010,2,99.31,0.05,188.69
OI04038,ORD01614,P0018,4,269.2,0.05,1022.96
OI04039,ORD01615,P0057,2,259.5,0.05,493.05
OI04040,ORD01616,P0014,4,55.53,0.0,222.12
OI04041,ORD01616,P0029,2,24.91,0.05,47.33
OI04042,ORD01617,P0023,1,74.28,0.15,63.14
OI04043,ORD01617,P0037,4,10.8,0.15,36.72
OI04044,ORD01617,P0044,1,191.46,0.05,181.89
OI04045,ORD01617,P0059,4,168.92,0.0,675.68
OI04046,ORD01618,P0045,1,214.4,0.15,182.24
OI04047,ORD01618,P0028,5,178.03,0.15,756.63
OI04048,ORD01618,P0054,5,117.19,0.0,585.95
OI04049,ORD01618,P0022,3,19.3,0.05,55.0
OI04050,ORD01619,P0040,2,76.18,0.0,152.36
OI04051,ORD01619,P0038,2,193.13,0.1,347.63
OI04052,ORD01619,P0017,3,28.31,0.0,84.93
OI04053,ORD01620,P0030,3,17.27,0.0,51.81
OI04054,ORD01621,P0043,2,74.83,0.15,127.21
OI04055,ORD01621,P0036,1,163.66,0.1,147.29
OI04056,ORD01622,P0036,3,163.66,0.0,490.98
OI04057,ORD01622,P0055,5,49.93,0.05,237.17
OI04058,ORD01623,P0049,3,126.91,0.1,342.66
OI04059,ORD01623,P0029,2,24.91,0.0,49.82
OI04060,ORD01624,P0056,4,64.45,0.05,244.91
OI04061,ORD01624,P0053,1,196.29,0.0,196.29
OI04062,ORD01624,P0002,2,188.83,0.05,358.78
OI04063,ORD01624,P0025,1,117.02,0.15,99.47
OI04064,ORD01625,P0020,3,164.66,0.0,493.98
OI04065,ORD01625,P0019,5,65.06,0.0,325.3
OI04066,ORD01625,P0036,5,163.66,0.0,818.3
OI04067,ORD01626,P0051,5,16.51,0.1,74.3
OI04068,ORD01626,P0034,3,47.09,0.15,120.08
OI04069,ORD01626,P0011,2,126.96,0.0,253.92
OI04070,ORD01627,P0034,1,47.09,0.15,40.03
OI04071,ORD01627,P0021,2,36.81,0.0,73.62
OI04072,ORD01628,P0054,3,117.19,0.0,351.57
OI04073,ORD01628,P0056,5,64.45,0.1,290.03
OI04074,ORD01629,P0050,3,11.57,0.05,32.97
OI04075,ORD01630,P0018,4,269.2,0.0,1076.8
OI04076,ORD01631,P0017,1,28.31,0.15,24.06
OI04077,ORD01631,P0010,4,99.31,0.0,397.24
OI04078,ORD01631,P0045,1,214.4,0.15,182.24
OI04079,ORD01631,P0011,3,126.96,0.1,342.79
OI04080,ORD01632,P0050,3,11.57,0.05,32.97
OI04081,ORD01632,P0005,2,164.14,0.1,295.45
OI04082,ORD01633,P0048,2,189.24,0.15,321.71
OI04083,ORD01633,P0036,3,163.66,0.15,417.33
OI04084,ORD01633,P0055,4,49.93,0.15,169.76
OI04085,ORD01634,P0032,4,189.95,0.0,759.8
OI04086,ORD01634,P0025,5,117.02,0.05,555.84
OI04087,ORD01634,P0042,4,68.75,0.05,261.25
OI04088,ORD01635,P0016,3,128.27,0.15,327.09
OI04089,ORD01635,P0052,2,82.52,0.15,140.28
OI04090,ORD01636,P0022,5,19.3,0.15,82.02
OI04091,ORD01637,P0024,4,82.33,0.0,329.32
OI04092,ORD01637,P0004,1,25.49,0.0,25.49
OI04093,ORD01637,P0039,5,152.53,0.1,686.38
OI04094,ORD01638,P0008,2,43.51,0.15,73.97
OI04095,ORD01638,P0030,4,17.27,0.1,62.17
OI04096,ORD01638,P0042,3,68.75,0.1,185.62
OI04097,ORD01638,P0028,1,178.03,0.0,178.03
OI04098,ORD01639,P0057,3,259.5,0.0,778.5
OI04099,ORD01639,P0008,5,43.51,0.0,217.55
OI04100,ORD01640,P0015,5,116.79,0.15,496.36
OI04101,ORD01640,P0003,1,37.76,0.15,32.1
OI04102,ORD01641,P0001,3,116.43,0.0,349.29
OI04103,ORD01642,P0058,4,184.34,0.0,737.36
OI04104,ORD01642,P0042,5,68.75,0.0,343.75
OI04105,ORD01642,P0031,3,89.19,0.0,267.57
OI04106,ORD01643,P0009,1,80.73,0.15,68.62
OI04107,ORD01644,P0049,5,126.91,0.0,634.55
OI04108,ORD01645,P0010,2,99.31,0.05,188.69
OI04109,ORD01645,P0025,4,117.02,0.15,397.87
OI04110,ORD01646,P0001,2,116.43,0.0,232.86
OI04111,ORD01646,P0009,4,80.73,0.0,322.92
OI04112,ORD01646,P0025,5,117.02,0.0,585.1
OI04113,ORD01647,P0031,4,89.19,0.0,356.76
OI04114,ORD01647,P0031,5,89.19,0.15,379.06
OI04115,ORD01647,P0005,3,164.14,0.1,443.18
OI04116,ORD01647,P0037,5,10.8,0.15,45.9
OI04117,ORD01648,P0004,4,25.49,0.15,86.67
OI04118,ORD01648,P0042,4,68.75,0.15,233.75
OI04119,ORD01648,P0049,2,126.91,0.0,253.82
OI04120,ORD01648,P0017,5,28.31,0.15,120.32
OI04121,ORD01649,P0009,5,80.73,0.0,403.65
OI04122,ORD01649,P0019,4,65.06,0.0,260.24
OI04123,ORD01649,P0039,3,152.53,0.05,434.71
OI04124,ORD01649,P0004,4,25.49,0.0,101.96
OI04125,ORD01650,P0026,2,266.63,0.15,453.27
OI04126,ORD01650,P0047,4,192.68,0.0,770.72
OI04127,ORD01650,P0037,4,10.8,0.15,36.72
OI04128,ORD01650,P0021,5,36.81,0.05,174.85
OI04129,ORD01651,P0005,3,164.14,0.0,492.42
OI04130,ORD01651,P0019,5,65.06,0.1,292.77
OI04131,ORD01651,P0030,4,17.27,0.0,69.08
OI04132,ORD01651,P0017,1,28.31,0.05,26.89
OI04133,ORD01652,P0056,2,64.45,0.1,116.01
OI04134,ORD01652,P0010,4,99.31,0.15,337.65
OI04135,ORD01652,P0058,2,184.34,0.1,331.81
OI04136,ORD01652,P0057,4,259.5,0.0,1038.0
OI04137,ORD01653,P0056,4,64.45,0.0,257.8
OI04138,ORD01653,P0038,2,193.13,0.0,386.26
OI04139,ORD01653,P0050,2,11.57,0.0,23.14
OI04140,ORD01654,P0018,4,269.2,0.15,915.28
OI04141,ORD01655,P0001,5,116.43,0.1,523.94
OI04142,ORD01655,P0028,3,178.03,0.15,453.98
OI04143,ORD01655,P0014,4,55.53,0.0,222.12
OI04144,ORD01656,P0017,3,28.31,0.0,84.93
OI04145,ORD01657,P0004,1,25.49,0.0,25.49
OI04146,ORD01657,P0019,2,65.06,0.1,117.11
OI04147,ORD01657,P0029,1,24.91,0.05,23.66
OI04148,ORD01657,P0012,1,72.21,0.05,68.6
OI04149,ORD01658,P0025,5,117.02,0.05,555.84
OI04150,ORD01658,P0035,5,31.46,0.05,149.44
OI04151,ORD01658,P0010,1,99.31,0.05,94.34
OI04152,ORD01659,P0046,2,39.88,0.1,71.78
OI04153,ORD01659,P0013,2,130.8,0.05,248.52
OI04154,ORD01660,P0055,2,49.93,0.0,99.86
OI04155,ORD01660,P0056,4,64.45,0.0,257.8
OI04156,ORD01661,P0032,5,189.95,0.1,854.78
OI04157,ORD01661,P0016,3,128.27,0.05,365.57
OI04158,ORD01661,P0026,4,266.63,0.0,1066.52
OI04159,ORD01661,P0005,5,164.14,0.0,820.7
OI04160,ORD01662,P0042,1,68.75,0.15,58.44
OI04161,ORD01662,P0048,5,189.24,0.05,898.89
OI04162,ORD01663,P0032,4,189.95,0.0,759.8
OI04163,ORD01663,P0045,2,214.4,0.05,407.36
OI04164,ORD01663,P0018,1,269.2,0.0,269.2
OI04165,ORD01663,P0019,5,65.06,0.15,276.5
OI04166,ORD01664,P0021,2,36.81,0.05,69.94
OI04167,ORD01665,P0021,5,36.81,0.15,156.44
OI04168,ORD01665,P0049,5,126.91,0.0,634.55
OI04169,ORD01666,P0007,5,177.14,0.1,797.13
OI04170,ORD01666,P0056,3,64.45,0.1,174.02
OI04171,ORD01666,P0007,5,177.14,0.0,885.7
OI04172,ORD01667,P0005,1,164.14,0.05,155.93
OI04173,ORD01667,P0033,4,75.79,0.0,303.16
OI04174,ORD01668,P0019,2,65.06,0.05,123.61
OI04175,ORD01669,P0059,4,168.92,0.15,574.33
OI04176,ORD01669,P0043,3,74.83,0.0,224.49
OI04177,ORD01669,P0054,1,117.19,0.0,117.19
OI04178,ORD01669,P0027,4,271.32,0.15,922.49
OI04179,ORD01670,P0019,5,65.06,0.0,325.3
OI04180,ORD01670,P0031,5,89.19,0.0,445.95
OI04181,ORD01670,P0051,3,16.51,0.15,42.1
OI04182,ORD01671,P0011,5,126.96,0.0,634.8
OI04183,ORD01671,P0058,2,184.34,0.0,368.68
OI04184,ORD01671,P0052,5,82.52,0.0,412.6
OI04185,ORD01671,P0036,5,163.66,0.05,777.38
OI04186,ORD01672,P0051,5,16.51,0.15,70.17
OI04187,ORD01672,P0054,1,117.19,0.0,117.19
OI04188,ORD01673,P0025,4,117.02,0.05,444.68
OI04189,ORD01673,P0003,5,37.76,0.05,179.36
OI04190,ORD01673,P0017,2,28.31,0.05,53.79
OI04191,ORD01673,P0015,1,116.79,0.15,99.27
OI04192,ORD01674,P0018,3,269.2,0.0,807.6
OI04193,ORD01675,P0003,5,37.76,0.0,188.8
OI04194,ORD01676,P0012,1,72.21,0.15,61.38
OI04195,ORD01676,P0010,2,99.31,0.0,198.62
OI04196,ORD01676,P0016,3,128.27,0.0,384.81
OI04197,ORD01676,P0006,3,15.78,0.15,40.24
OI04198,ORD01677,P0010,2,99.31,0.1,178.76
OI04199,ORD01677,P0048,1,189.24,0.15,160.85
OI04200,ORD01678,P0060,1,222.4,0.0,222.4
OI04201,ORD01679,P0049,2,126.91,0.0,253.82
OI04202,ORD01680,P0016,2,128.27,0.15,218.06
OI04203,ORD01680,P0026,3,266.63,0.0,799.89
OI04204,ORD01680,P0021,1,36.81,0.1,33.13
OI04205,ORD01681,P0029,2,24.91,0.15,42.35
OI04206,ORD01681,P0008,4,43.51,0.0,174.04
OI04207,ORD01682,P0043,2,74.83,0.05,142.18
OI04208,ORD01682,P0043,1,74.83,0.1,67.35
OI04209,ORD01682,P0005,1,164.14,0.05,155.93
OI04210,ORD01682,P0037,2,10.8,0.0,21.6
OI04211,ORD01683,P0006,5,15.78,0.05,74.95
OI04212,ORD01683,P0057,2,259.5,0.1,467.1
OI04213,ORD01683,P0036,2,163.66,0.1,294.59
OI04214,ORD01684,P0058,3,184.34,0.05,525.37
OI04215,ORD01684,P0017,2,28.31,0.15,48.13
OI04216,ORD01685,P0012,3,72.21,0.0,216.63
OI04217,ORD01685,P0034,3,47.09,0.15,120.08
OI04218,ORD01685,P0022,4,19.3,0.05,73.34
OI04219,ORD01685,P0033,3,75.79,0.05,216.0
OI04220,ORD01686,P0012,3,72.21,0.0,216.63
OI04221,ORD01687,P0014,4,55.53,0.0,222.12
OI04222,ORD01687,P0045,3,214.4,0.15,546.72
OI04223,ORD01687,P0010,2,99.31,0.05,188.69
OI04224,ORD01687,P0046,5,39.88,0.0,199.4
OI04225,ORD01688,P0004,2,25.49,0.0,50.98
OI04226,ORD01688,P0028,5,178.03,0.1,801.14
OI04227,ORD01688,P0034,5,47.09,0.0,235.45
OI04228,ORD01688,P0002,1,188.83,0.0,188.83
OI04229,ORD01689,P0060,1,222.4,0.0,222.4
OI04230,ORD01690,P0040,1,76.18,0.0,76.18
OI04231,ORD01690,P0049,5,126.91,0.1,571.1
OI04232,ORD01691,P0052,1,82.52,0.0,82.52
OI04233,ORD01691,P0014,5,55.53,0.1,249.88
OI04234,ORD01692,P0051,5,16.51,0.1,74.3
OI04235,ORD01692,P0014,4,55.53,0.15,188.8
OI04236,ORD01692,P0053,5,196.29,0.0,981.45
OI04237,ORD01693,P0021,4,36.81,0.15,125.15
OI04238,ORD01693,P0031,3,89.19,0.0,267.57
OI04239,ORD01693,P0023,4,74.28,0.0,297.12
OI04240,ORD01693,P0016,3,128.27,0.0,384.81
OI04241,ORD01694,P0015,3,116.79,0.05,332.85
OI04242,ORD01694,P0016,4,128.27,0.15,436.12
OI04243,ORD01694,P0002,2,188.83,0.15,321.01
OI04244,ORD01694,P0002,4,188.83,0.0,755.32
OI04245,ORD01695,P0057,1,259.5,0.1,233.55
OI04246,ORD01695,P0060,3,222.4,0.05,633.84
OI04247,ORD01695,P0001,5,116.43,0.0,582.15
OI04248,ORD01696,P0031,1,89.19,0.15,75.81
OI04249,ORD01696,P0008,4,43.51,0.0,174.04
OI04250,ORD01696,P0029,2,24.91,0.15,42.35
OI04251,ORD01696,P0030,4,17.27,0.1,62.17
OI04252,ORD01697,P0056,2,64.45,0.05,122.46
OI04253,ORD01697,P0055,3,49.93,0.15,127.32
OI04254,ORD01697,P0050,1,11.57,0.15,9.83
OI04255,ORD01697,P0054,1,117.19,0.0,117.19
OI04256,ORD01698,P0044,1,191.46,0.05,181.89
OI04257,ORD01698,P0038,2,193.13,0.0,386.26
OI04258,ORD01699,P0043,4,74.83,0.15,254.42
OI04259,ORD01700,P0041,5,223.53,0.1,1005.89
OI04260,ORD01700,P0012,3,72.21,0.0,216.63
OI04261,ORD01701,P0039,1,152.53,0.0,152.53
OI04262,ORD01701,P0034,1,47.09,0.05,44.74
OI04263,ORD01702,P0040,1,76.18,0.0,76.18
OI04264,ORD01702,P0056,1,64.45,0.05,61.23
OI04265,ORD01702,P0042,4,68.75,0.05,261.25
OI04266,ORD01703,P0044,5,191.46,0.15,813.7
OI04267,ORD01703,P0060,4,222.4,0.0,889.6
OI04268,ORD01703,P0035,3,31.46,0.0,94.38
OI04269,ORD01703,P0025,1,117.02,0.1,105.32
OI04270,ORD01704,P0060,3,222.4,0.0,667.2
OI04271,ORD01705,P0049,1,126.91,0.0,126.91
OI04272,ORD01705,P0005,1,164.14,0.0,164.14
OI04273,ORD01706,P0041,1,223.53,0.15,190.0
OI04274,ORD01706,P0050,1,11.57,0.15,9.83
OI04275,ORD01706,P0005,3,164.14,0.15,418.56
OI04276,ORD01707,P0036,4,163.66,0.05,621.91
OI04277,ORD01708,P0039,5,152.53,0.1,686.38
OI04278,ORD01708,P0011,4,126.96,0.0,507.84
OI04279,ORD01709,P0015,2,116.79,0.05,221.9
OI04280,ORD01709,P0018,1,269.2,0.1,242.28
OI04281,ORD01709,P0058,3,184.34,0.1,497.72
OI04282,ORD01710,P0053,3,196.29,0.1,529.98
OI04283,ORD01711,P0050,4,11.57,0.0,46.28
OI04284,ORD01712,P0012,1,72.21,0.1,64.99
OI04285,ORD01712,P0001,5,116.43,0.15,494.83
OI04286,ORD01712,P0012,2,72.21,0.1,129.98
OI04287,ORD01712,P0051,3,16.51,0.0,49.53
OI04288,ORD01713,P0033,5,75.79,0.05,360.0
OI04289,ORD01713,P0008,5,43.51,0.05,206.67
OI04290,ORD01714,P0025,2,117.02,0.0,234.04
OI04291,ORD01714,P0013,5,130.8,0.0,654.0
OI04292,ORD01714,P0059,5,168.92,0.0,844.6
OI04293,ORD01715,P0027,1,271.32,0.15,230.62
OI04294,ORD01715,P0034,2,47.09,0.15,80.05
OI04295,ORD01716,P0058,2,184.34,0.0,368.68
OI04296,ORD01716,P0002,3,188.83,0.1,509.84
OI04297,ORD01716,P0051,3,16.51,0.1,44.58
OI04298,ORD01717,P0057,4,259.5,0.1,934.2
OI04299,ORD01717,P0012,3,72.21,0.0,216.63
OI04300,ORD01717,P0023,4,74.28,0.1,267.41
OI04301,ORD01718,P0007,4,177.14,0.15,602.28
OI04302,ORD01718,P0054,5,117.19,0.15,498.06
OI04303,ORD01718,P0008,3,43.51,0.15,110.95
OI04304,ORD01719,P0008,2,43.51,0.05,82.67
OI04305,ORD01719,P0054,1,117.19,0.1,105.47
OI04306,ORD01720,P0049,5,126.91,0.05,602.82
OI04307,ORD01720,P0042,4,68.75,0.0,275.0
OI04308,ORD01720,P0025,4,117.02,0.05,444.68
OI04309,ORD01720,P0019,3,65.06,0.15,165.9
OI04310,ORD01721,P0002,5,188.83,0.15,802.53
OI04311,ORD01721,P0039,4,152.53,0.0,610.12
OI04312,ORD01722,P0058,1,184.34,0.0,184.34
OI04313,ORD01722,P0044,4,191.46,0.15,650.96
OI04314,ORD01722,P0016,1,128.27,0.05,121.86
OI04315,ORD01723,P0059,2,168.92,0.15,287.16
OI04316,ORD01723,P0048,5,189.24,0.1,851.58
OI04317,ORD01724,P0041,5,223.53,0.0,1117.65
OI04318,ORD01724,P0010,3,99.31,0.0,297.93
OI04319,ORD01724,P0019,1,65.06,0.15,55.3
OI04320,ORD01725,P0006,1,15.78,0.0,15.78
OI04321,ORD01725,P0044,3,191.46,0.0,574.38
OI04322,ORD01725,P0004,2,25.49,0.1,45.88
OI04323,ORD01726,P0017,1,28.31,0.15,24.06
OI04324,ORD01726,P0029,1,24.91,0.1,22.42
OI04325,ORD01726,P0060,3,222.4,0.1,600.48
OI04326,ORD01726,P0055,5,49.93,0.0,249.65
OI04327,ORD01727,P0014,3,55.53,0.05,158.26
OI04328,ORD01727,P0033,1,75.79,0.1,68.21
OI04329,ORD01728,P0042,2,68.75,0.0,137.5
OI04330,ORD01728,P0009,3,80.73,0.15,205.86
OI04331,ORD01728,P0037,1,10.8,0.0,10.8
OI04332,ORD01729,P0045,5,214.4,0.05,1018.4
OI04333,ORD01729,P0009,3,80.73,0.15,205.86
OI04334,ORD01729,P0030,1,17.27,0.1,15.54
OI04335,ORD01730,P0031,5,89.19,0.0,445.95
OI04336,ORD01730,P0019,3,65.06,0.15,165.9
OI04337,ORD01730,P0045,1,214.4,0.1,192.96
OI04338,ORD01731,P0022,5,19.3,0.15,82.02
OI04339,ORD01731,P0053,5,196.29,0.0,981.45
OI04340,ORD01732,P0016,4,128.27,0.05,487.43
OI04341,ORD01732,P0027,3,271.32,0.05,773.26
OI04342,ORD01732,P0041,2,223.53,0.0,447.06
OI04343,ORD01732,P0029,3,24.91,0.1,67.26
OI04344,ORD01733,P0039,4,152.53,0.1,549.11
OI04345,ORD01733,P0019,1,65.06,0.0,65.06
OI04346,ORD01733,P0057,5,259.5,0.1,1167.75
OI04347,ORD01734,P0026,2,266.63,0.1,479.93
OI04348,ORD01734,P0050,5,11.57,0.05,54.96
OI04349,ORD01734,P0027,5,271.32,0.05,1288.77
OI04350,ORD01735,P0035,3,31.46,0.1,84.94
OI04351,ORD01735,P0008,3,43.51,0.0,130.53
OI04352,ORD01735,P0015,3,116.79,0.15,297.81
OI04353,ORD01735,P0017,1,28.31,0.1,25.48
OI04354,ORD01736,P0059,2,168.92,0.0,337.84
OI04355,ORD01737,P0013,2,130.8,0.15,222.36
OI04356,ORD01737,P0040,2,76.18,0.1,137.12
OI04357,ORD01737,P0013,4,130.8,0.05,497.04
OI04358,ORD01738,P0040,5,76.18,0.1,342.81
OI04359,ORD01738,P0056,4,64.45,0.1,232.02
OI04360,ORD01738,P0023,3,74.28,0.1,200.56
OI04361,ORD01738,P0017,4,28.31,0.15,96.25
OI04362,ORD01739,P0026,2,266.63,0.0,533.26
OI04363,ORD01739,P0059,1,168.92,0.15,143.58
OI04364,ORD01739,P0037,3,10.8,0.0,32.4
OI04365,ORD01740,P0022,3,19.3,0.0,57.9
OI04366,ORD01740,P0053,2,196.29,0.1,353.32
OI04367,ORD01740,P0002,5,188.83,0.1,849.74
OI04368,ORD01740,P0038,5,193.13,0.05,917.37
OI04369,ORD01741,P0052,3,82.52,0.0,247.56
OI04370,ORD01741,P0004,1,25.49,0.0,25.49
OI04371,ORD01742,P0043,2,74.83,0.0,149.66
OI04372,ORD01742,P0044,1,191.46,0.1,172.31
OI04373,ORD01742,P0022,5,19.3,0.0,96.5
OI04374,ORD01742,P0020,4,164.66,0.0,658.64
OI04375,ORD01743,P0031,3,89.19,0.0,267.57
OI04376,ORD01743,P0037,4,10.8,0.1,38.88
OI04377,ORD01743,P0005,4,164.14,0.0,656.56
OI04378,ORD01744,P0056,2,64.45,0.05,122.46
OI04379,ORD01744,P0029,2,24.91,0.1,44.84
OI04380,ORD01744,P0011,5,126.96,0.15,539.58
OI04381,ORD01745,P0042,5,68.75,0.1,309.38
OI04382,ORD01745,P0043,2,74.83,0.15,127.21
OI04383,ORD01745,P0043,2,74.83,0.15,127.21
OI04384,ORD01745,P0055,3,49.93,0.0,149.79
OI04385,ORD01746,P0011,1,126.96,0.0,126.96
OI04386,ORD01746,P0052,1,82.52,0.0,82.52
OI04387,ORD01747,P0016,1,128.27,0.15,109.03
OI04388,ORD01747,P0011,5,126.96,0.1,571.32
OI04389,ORD01747,P0010,1,99.31,0.1,89.38
OI04390,ORD01748,P0037,1,10.8,0.0,10.8
OI04391,ORD01748,P0019,2,65.06,0.05,123.61
OI04392,ORD01748,P0047,5,192.68,0.0,963.4
OI04393,ORD01748,P0003,4,37.76,0.15,128.38
OI04394,ORD01749,P0014,1,55.53,0.05,52.75
OI04395,ORD01750,P0047,3,192.68,0.1,520.24
OI04396,ORD01750,P0050,5,11.57,0.0,57.85
OI04397,ORD01750,P0045,1,214.4,0.0,214.4
OI04398,ORD01750,P0011,3,126.96,0.0,380.88
OI04399,ORD01751,P0013,2,130.8,0.1,235.44
OI04400,ORD01752,P0023,3,74.28,0.0,222.84
OI04401,ORD01752,P0050,1,11.57,0.15,9.83
OI04402,ORD01752,P0026,4,266.63,0.05,1013.19
OI04403,ORD01753,P0056,2,64.45,0.15,109.56
OI04404,ORD01754,P0008,5,43.51,0.0,217.55
OI04405,ORD01754,P0023,5,74.28,0.1,334.26
OI04406,ORD01754,P0030,1,17.27,0.05,16.41
OI04407,ORD01754,P0033,1,75.79,0.15,64.42
OI04408,ORD01755,P0055,4,49.93,0.0,199.72
OI04409,ORD01755,P0021,5,36.81,0.0,184.05
OI04410,ORD01756,P0024,3,82.33,0.0,246.99
OI04411,ORD01756,P0012,5,72.21,0.0,361.05
OI04412,ORD01757,P0053,5,196.29,0.15,834.23
OI04413,ORD01758,P0012,2,72.21,0.1,129.98
OI04414,ORD01758,P0046,2,39.88,0.0,79.76
OI04415,ORD01758,P0032,5,189.95,0.0,949.75
OI04416,ORD01759,P0006,1,15.78,0.05,14.99
OI04417,ORD01759,P0043,3,74.83,0.1,202.04
OI04418,ORD01759,P0049,4,126.91,0.0,507.64
OI04419,ORD01759,P0001,1,116.43,0.1,104.79
OI04420,ORD01760,P0033,2,75.79,0.1,136.42
OI04421,ORD01761,P0025,4,117.02,0.0,468.08
OI04422,ORD01761,P0024,4,82.33,0.15,279.92
OI04423,ORD01761,P0001,5,116.43,0.05,553.04
OI04424,ORD01762,P0039,5,152.53,0.0,762.65
OI04425,ORD01762,P0054,2,117.19,0.0,234.38
OI04426,ORD01763,P0001,1,116.43,0.0,116.43
OI04427,ORD01763,P0016,2,128.27,0.0,256.54
OI04428,ORD01763,P0003,4,37.76,0.0,151.04
OI04429,ORD01763,P0019,1,65.06,0.05,61.81
OI04430,ORD01764,P0005,3,164.14,0.15,418.56
OI04431,ORD01765,P0024,4,82.33,0.05,312.85
OI04432,ORD01765,P0032,1,189.95,0.05,180.45
OI04433,ORD01766,P0042,4,68.75,0.1,247.5
OI04434,ORD01766,P0004,3,25.49,0.0,76.47
OI04435,ORD01766,P0031,2,89.19,0.0,178.38
OI04436,ORD01767,P0051,4,16.51,0.0,66.04
OI04437,ORD01767,P0038,3,193.13,0.15,492.48
OI04438,ORD01767,P0029,1,24.91,0.05,23.66
OI04439,ORD01767,P0048,2,189.24,0.0,378.48
OI04440,ORD01768,P0004,4,25.49,0.05,96.86
OI04441,ORD01768,P0058,5,184.34,0.0,921.7
OI04442,ORD01769,P0055,1,49.93,0.05,47.43
OI04443,ORD01769,P0025,5,117.02,0.0,585.1
OI04444,ORD01769,P0059,1,168.92,0.0,168.92
OI04445,ORD01770,P0013,3,130.8,0.1,353.16
OI04446,ORD01770,P0018,4,269.2,0.1,969.12
OI04447,ORD01771,P0030,3,17.27,0.1,46.63
OI04448,ORD01771,P0012,4,72.21,0.05,274.4
OI04449,ORD01771,P0007,5,177.14,0.0,885.7
OI04450,ORD01772,P0001,5,116.43,0.15,494.83
OI04451,ORD01772,P0033,1,75.79,0.05,72.0
OI04452,ORD01773,P0043,1,74.83,0.0,74.83
OI04453,ORD01774,P0013,1,130.8,0.15,111.18
OI04454,ORD01774,P0058,4,184.34,0.05,700.49
OI04455,ORD01774,P0060,4,222.4,0.05,845.12
OI04456,ORD01775,P0050,5,11.57,0.15,49.17
OI04457,ORD01775,P0036,1,163.66,0.0,163.66
OI04458,ORD01775,P0033,1,75.79,0.05,72.0
OI04459,ORD01775,P0052,4,82.52,0.15,280.57
OI04460,ORD01776,P0023,5,74.28,0.1,334.26
OI04461,ORD01777,P0052,4,82.52,0.1,297.07
OI04462,ORD01777,P0030,1,17.27,0.15,14.68
OI04463,ORD01777,P0030,4,17.27,0.0,69.08
OI04464,ORD01777,P0011,2,126.96,0.0,253.92
OI04465,ORD01778,P0044,1,191.46,0.1,172.31
OI04466,ORD01779,P0032,1,189.95,0.05,180.45
OI04467,ORD01779,P0003,5,37.76,0.1,169.92
OI04468,ORD01779,P0056,2,64.45,0.1,116.01
OI04469,ORD01780,P0035,3,31.46,0.05,89.66
OI04470,ORD01780,P0047,5,192.68,0.0,963.4
OI04471,ORD01780,P0056,3,64.45,0.0,193.35
OI04472,ORD01780,P0031,1,89.19,0.0,89.19
OI04473,ORD01781,P0039,5,152.53,0.0,762.65
OI04474,ORD01781,P0059,1,168.92,0.05,160.47
OI04475,ORD01781,P0004,4,25.49,0.05,96.86
OI04476,ORD01781,P0037,5,10.8,0.15,45.9
OI04477,ORD01782,P0020,1,164.66,0.0,164.66
OI04478,ORD01782,P0043,2,74.83,0.1,134.69
OI04479,ORD01783,P0042,3,68.75,0.15,175.31
OI04480,ORD01783,P0054,5,117.19,0.0,585.95
OI04481,ORD01784,P0054,3,117.19,0.15,298.83
OI04482,ORD01784,P0014,4,55.53,0.15,188.8
OI04483,ORD01784,P0038,2,193.13,0.15,328.32
OI04484,ORD01784,P0056,1,64.45,0.15,54.78
OI04485,ORD01785,P0001,1,116.43,0.1,104.79
OI04486,ORD01785,P0008,1,43.51,0.05,41.33
OI04487,ORD01785,P0042,2,68.75,0.05,130.62
OI04488,ORD01785,P0035,3,31.46,0.0,94.38
OI04489,ORD01786,P0024,1,82.33,0.15,69.98
OI04490,ORD01786,P0032,1,189.95,0.0,189.95
OI04491,ORD01786,P0029,3,24.91,0.0,74.73
OI04492,ORD01786,P0014,1,55.53,0.0,55.53
OI04493,ORD01787,P0028,3,178.03,0.15,453.98
OI04494,ORD01787,P0001,5,116.43,0.0,582.15
OI04495,ORD01787,P0017,2,28.31,0.0,56.62
OI04496,ORD01787,P0044,1,191.46,0.15,162.74
OI04497,ORD01788,P0001,2,116.43,0.0,232.86
OI04498,ORD01789,P0018,5,269.2,0.15,1144.1
OI04499,ORD01789,P0003,2,37.76,0.0,75.52
OI04500,ORD01789,P0059,3,168.92,0.15,430.75
OI04501,ORD01790,P0038,5,193.13,0.0,965.65
OI04502,ORD01791,P0035,1,31.46,0.0,31.46
OI04503,ORD01791,P0012,2,72.21,0.0,144.42
OI04504,ORD01791,P0031,2,89.19,0.0,178.38
OI04505,ORD01791,P0029,5,24.91,0.1,112.1
OI04506,ORD01792,P0052,2,82.52,0.05,156.79
OI04507,ORD01793,P0028,5,178.03,0.0,890.15
OI04508,ORD01794,P0058,4,184.34,0.15,626.76
OI04509,ORD01794,P0033,3,75.79,0.0,227.37
OI04510,ORD01794,P0032,3,189.95,0.1,512.86
OI04511,ORD01794,P0047,5,192.68,0.05,915.23
OI04512,ORD01795,P0019,4,65.06,0.0,260.24
OI04513,ORD01795,P0051,5,16.51,0.15,70.17
OI04514,ORD01795,P0024,3,82.33,0.1,222.29
OI04515,ORD01795,P0011,2,126.96,0.05,241.22
OI04516,ORD01796,P0037,3,10.8,0.1,29.16
OI04517,ORD01796,P0014,2,55.53,0.0,111.06
OI04518,ORD01796,P0037,3,10.8,0.05,30.78
OI04519,ORD01796,P0041,4,223.53,0.0,894.12
OI04520,ORD01797,P0021,2,36.81,0.15,62.58
OI04521,ORD01797,P0028,2,178.03,0.0,356.06
OI04522,ORD01798,P0021,4,36.81,0.1,132.52
OI04523,ORD01799,P0012,5,72.21,0.15,306.89
OI04524,ORD01799,P0038,5,193.13,0.0,965.65
OI04525,ORD01800,P0008,4,43.51,0.0,174.04
OI04526,ORD01800,P0005,1,164.14,0.0,164.14
OI04527,ORD01801,P0008,5,43.51,0.05,206.67
OI04528,ORD01801,P0025,2,117.02,0.0,234.04
OI04529,ORD01801,P0049,3,126.91,0.0,380.73
OI04530,ORD01802,P0046,2,39.88,0.1,71.78
OI04531,ORD01803,P0051,4,16.51,0.0,66.04
OI04532,ORD01803,P0041,3,223.53,0.0,670.59
OI04533,ORD01804,P0018,4,269.2,0.0,1076.8
OI04534,ORD01804,P0025,3,117.02,0.05,333.51
OI04535,ORD01804,P0014,4,55.53,0.0,222.12
OI04536,ORD01804,P0050,2,11.57,0.15,19.67
OI04537,ORD01805,P0029,5,24.91,0.0,124.55
OI04538,ORD01805,P0012,5,72.21,0.0,361.05
OI04539,ORD01805,P0035,1,31.46,0.1,28.31
OI04540,ORD01805,P0011,1,126.96,0.0,126.96
OI04541,ORD01806,P0031,1,89.19,0.0,89.19
OI04542,ORD01807,P0003,5,37.76,0.15,160.48
OI04543,ORD01807,P0042,5,68.75,0.0,343.75
OI04544,ORD01808,P0040,4,76.18,0.15,259.01
OI04545,ORD01809,P0044,2,191.46,0.05,363.77
OI04546,ORD01809,P0028,3,178.03,0.05,507.39
OI04547,ORD01809,P0031,4,89.19,0.05,338.92
OI04548,ORD01810,P0034,4,47.09,0.0,188.36
OI04549,ORD01810,P0047,5,192.68,0.0,963.4
OI04550,ORD01810,P0042,1,68.75,0.05,65.31
OI04551,ORD01810,P0032,5,189.95,0.0,949.75
OI04552,ORD01811,P0035,2,31.46,0.0,62.92
OI04553,ORD01811,P0021,1,36.81,0.0,36.81
OI04554,ORD01812,P0036,1,163.66,0.05,155.48
OI04555,ORD01813,P0028,1,178.03,0.0,178.03
OI04556,ORD01813,P0016,2,128.27,0.05,243.71
OI04557,ORD01813,P0042,5,68.75,0.1,309.38
OI04558,ORD01814,P0032,4,189.95,0.0,759.8
OI04559,ORD01815,P0030,4,17.27,0.05,65.63
OI04560,ORD01815,P0045,2,214.4,0.0,428.8
OI04561,ORD01815,P0037,4,10.8,0.0,43.2
OI04562,ORD01815,P0037,4,10.8,0.1,38.88
OI04563,ORD01816,P0060,4,222.4,0.0,889.6
OI04564,ORD01816,P0028,2,178.03,0.0,356.06
OI04565,ORD01816,P0008,3,43.51,0.0,130.53
OI04566,ORD01816,P0021,2,36.81,0.05,69.94
OI04567,ORD01817,P0049,3,126.91,0.1,342.66
OI04568,ORD01818,P0059,4,168.92,0.1,608.11
OI04569,ORD01818,P0048,3,189.24,0.15,482.56
OI04570,ORD01819,P0049,1,126.91,0.15,107.87
OI04571,ORD01819,P0037,3,10.8,0.1,29.16
OI04572,ORD01819,P0028,2,178.03,0.0,356.06
OI04573,ORD01819,P0018,1,269.2,0.1,242.28
OI04574,ORD01820,P0056,5,64.45,0.1,290.03
OI04575,ORD01821,P0041,5,223.53,0.0,1117.65
OI04576,ORD01821,P0032,3,189.95,0.05,541.36
OI04577,ORD01822,P0039,2,152.53,0.05,289.81
OI04578,ORD01822,P0050,1,11.57,0.1,10.41
OI04579,ORD01823,P0035,3,31.46,0.0,94.38
OI04580,ORD01823,P0012,5,72.21,0.1,324.94
OI04581,ORD01824,P0051,3,16.51,0.0,49.53
OI04582,ORD01824,P0005,3,164.14,0.15,418.56
OI04583,ORD01825,P0024,4,82.33,0.0,329.32
OI04584,ORD01825,P0031,3,89.19,0.0,267.57
OI04585,ORD01826,P0021,4,36.81,0.0,147.24
OI04586,ORD01826,P0045,2,214.4,0.0,428.8
OI04587,ORD01827,P0007,3,177.14,0.1,478.28
OI04588,ORD01828,P0059,5,168.92,0.0,844.6
OI04589,ORD01828,P0021,5,36.81,0.05,174.85
OI04590,ORD01829,P0046,3,39.88,0.15,101.69
OI04591,ORD01829,P0059,4,168.92,0.05,641.9
OI04592,ORD01830,P0032,3,189.95,0.05,541.36
OI04593,ORD01831,P0007,3,177.14,0.05,504.85
OI04594,ORD01832,P0017,4,28.31,0.0,113.24
OI04595,ORD01832,P0039,4,152.53,0.15,518.6
OI04596,ORD01833,P0054,4,117.19,0.0,468.76
OI04597,ORD01833,P0032,1,189.95,0.05,180.45
OI04598,ORD01833,P0046,2,39.88,0.15,67.8
OI04599,ORD01833,P0057,5,259.5,0.1,1167.75
OI04600,ORD01834,P0047,5,192.68,0.0,963.4
OI04601,ORD01835,P0022,5,19.3,0.15,82.02
OI04602,ORD01835,P0022,4,19.3,0.0,77.2
OI04603,ORD01835,P0002,4,188.83,0.0,755.32
OI04604,ORD01835,P0051,2,16.51,0.0,33.02
OI04605,ORD01836,P0046,2,39.88,0.1,71.78
OI04606,ORD01836,P0001,2,116.43,0.05,221.22
OI04607,ORD01836,P0015,1,116.79,0.1,105.11
OI04608,ORD01836,P0037,5,10.8,0.05,51.3
OI04609,ORD01837,P0034,1,47.09,0.0,47.09
OI04610,ORD01837,P0018,2,269.2,0.05,511.48
OI04611,ORD01838,P0023,2,74.28,0.15,126.28
OI04612,ORD01838,P0038,1,193.13,0.05,183.47
OI04613,ORD01838,P0008,1,43.51,0.1,39.16
OI04614,ORD01838,P0012,4,72.21,0.1,259.96
OI04615,ORD01839,P0015,1,116.79,0.05,110.95
OI04616,ORD01839,P0001,1,116.43,0.1,104.79
OI04617,ORD01839,P0008,2,43.51,0.0,87.02
OI04618,ORD01840,P0004,4,25.49,0.0,101.96
OI04619,ORD01840,P0038,5,193.13,0.05,917.37
OI04620,ORD01841,P0038,1,193.13,0.15,164.16
OI04621,ORD01842,P0054,3,117.19,0.15,298.83
OI04622,ORD01843,P0048,5,189.24,0.05,898.89
OI04623,ORD01844,P0037,2,10.8,0.15,18.36
OI04624,ORD01844,P0002,2,188.83,0.05,358.78
OI04625,ORD01845,P0001,3,116.43,0.15,296.9
OI04626,ORD01845,P0003,3,37.76,0.0,113.28
OI04627,ORD01845,P0043,4,74.83,0.05,284.35
OI04628,ORD01846,P0054,2,117.19,0.1,210.94
OI04629,ORD01847,P0060,1,222.4,0.15,189.04
OI04630,ORD01847,P0051,1,16.51,0.0,16.51
OI04631,ORD01847,P0058,3,184.34,0.0,553.02
OI04632,ORD01848,P0014,3,55.53,0.15,141.6
OI04633,ORD01848,P0024,5,82.33,0.0,411.65
OI04634,ORD01848,P0054,2,117.19,0.15,199.22
OI04635,ORD01849,P0040,1,76.18,0.0,76.18
OI04636,ORD01849,P0055,5,49.93,0.0,249.65
OI04637,ORD01849,P0022,2,19.3,0.0,38.6
OI04638,ORD01850,P0059,5,168.92,0.0,844.6
OI04639,ORD01850,P0003,2,37.76,0.0,75.52
OI04640,ORD01851,P0012,2,72.21,0.0,144.42
OI04641,ORD01851,P0045,3,214.4,0.0,643.2
OI04642,ORD01851,P0043,3,74.83,0.05,213.27
OI04643,ORD01852,P0006,2,15.78,0.0,31.56
OI04644,ORD01852,P0035,1,31.46,0.05,29.89
OI04645,ORD01852,P0025,4,117.02,0.1,421.27
OI04646,ORD01853,P0045,2,214.4,0.1,385.92
OI04647,ORD01854,P0041,4,223.53,0.1,804.71
OI04648,ORD01855,P0040,2,76.18,0.15,129.51
OI04649,ORD01855,P0013,3,130.8,0.0,392.4
OI04650,ORD01855,P0054,4,117.19,0.0,468.76
OI04651,ORD01855,P0036,2,163.66,0.0,327.32
OI04652,ORD01856,P0010,4,99.31,0.0,397.24
OI04653,ORD01856,P0016,4,128.27,0.1,461.77
OI04654,ORD01856,P0060,2,222.4,0.0,444.8
OI04655,ORD01857,P0059,4,168.92,0.15,574.33
OI04656,ORD01857,P0003,4,37.76,0.0,151.04
OI04657,ORD01857,P0012,2,72.21,0.0,144.42
OI04658,ORD01858,P0052,2,82.52,0.0,165.04
OI04659,ORD01859,P0028,4,178.03,0.0,712.12
OI04660,ORD01859,P0011,5,126.96,0.0,634.8
OI04661,ORD01859,P0003,3,37.76,0.1,101.95
OI04662,ORD01859,P0034,1,47.09,0.1,42.38
OI04663,ORD01860,P0054,4,117.19,0.05,445.32
OI04664,ORD01861,P0032,3,189.95,0.1,512.86
OI04665,ORD01862,P0018,2,269.2,0.0,538.4
OI04666,ORD01862,P0051,3,16.51,0.0,49.53
OI04667,ORD01863,P0048,4,189.24,0.0,756.96
OI04668,ORD01864,P0034,3,47.09,0.0,141.27
OI04669,ORD01864,P0055,2,49.93,0.15,84.88
OI04670,ORD01864,P0035,3,31.46,0.15,80.22
OI04671,ORD01865,P0039,2,152.53,0.0,305.06
OI04672,ORD01865,P0040,4,76.18,0.05,289.48
OI04673,ORD01866,P0052,2,82.52,0.0,165.04
OI04674,ORD01867,P0002,4,188.83,0.05,717.55
OI04675,ORD01868,P0045,3,214.4,0.0,643.2
OI04676,ORD01868,P0021,1,36.81,0.15,31.29
OI04677,ORD01868,P0002,4,188.83,0.1,679.79
OI04678,ORD01868,P0033,4,75.79,0.0,303.16
OI04679,ORD01869,P0005,1,164.14,0.1,147.73
OI04680,ORD01869,P0012,1,72.21,0.0,72.21
OI04681,ORD01869,P0020,5,164.66,0.1,740.97
OI04682,ORD01870,P0044,3,191.46,0.05,545.66
OI04683,ORD01870,P0058,5,184.34,0.05,875.62
OI04684,ORD01870,P0055,4,49.93,0.0,199.72
OI04685,ORD01870,P0014,5,55.53,0.0,277.65
OI04686,ORD01871,P0033,1,75.79,0.05,72.0
OI04687,ORD01871,P0001,1,116.43,0.05,110.61
OI04688,ORD01872,P0044,3,191.46,0.0,574.38
OI04689,ORD01873,P0034,4,47.09,0.15,160.11
OI04690,ORD01874,P0029,3,24.91,0.05,70.99
OI04691,ORD01874,P0017,2,28.31,0.15,48.13
OI04692,ORD01874,P0044,3,191.46,0.0,574.38
OI04693,ORD01874,P0020,1,164.66,0.0,164.66
OI04694,ORD01875,P0029,4,24.91,0.1,89.68
OI04695,ORD01875,P0036,2,163.66,0.15,278.22
OI04696,ORD01875,P0034,4,47.09,0.1,169.52
OI04697,ORD01876,P0042,5,68.75,0.0,343.75
OI04698,ORD01877,P0009,1,80.73,0.15,68.62
OI04699,ORD01877,P0014,3,55.53,0.0,166.59
OI04700,ORD01877,P0023,1,74.28,0.15,63.14
OI04701,ORD01878,P0009,2,80.73,0.1,145.31
OI04702,ORD01879,P0005,4,164.14,0.15,558.08
OI04703,ORD01879,P0037,3,10.8,0.0,32.4
OI04704,ORD01880,P0056,2,64.45,0.0,128.9
OI04705,ORD01881,P0052,2,82.52,0.0,165.04
OI04706,ORD01881,P0040,3,76.18,0.0,228.54
OI04707,ORD01882,P0050,3,11.57,0.15,29.5
OI04708,ORD01882,P0008,3,43.51,0.0,130.53
OI04709,ORD01882,P0040,1,76.18,0.0,76.18
OI04710,ORD01882,P0022,4,19.3,0.05,73.34
OI04711,ORD01883,P0052,3,82.52,0.05,235.18
OI04712,ORD01883,P0005,2,164.14,0.0,328.28
OI04713,ORD01883,P0012,1,72.21,0.05,68.6
OI04714,ORD01883,P0025,5,117.02,0.0,585.1
OI04715,ORD01884,P0005,3,164.14,0.05,467.8
OI04716,ORD01884,P0059,1,168.92,0.05,160.47
OI04717,ORD01884,P0023,1,74.28,0.0,74.28
OI04718,ORD01884,P0031,3,89.19,0.0,267.57
OI04719,ORD01885,P0053,1,196.29,0.0,196.29
OI04720,ORD01885,P0056,4,64.45,0.0,257.8
OI04721,ORD01885,P0030,1,17.27,0.15,14.68
OI04722,ORD01886,P0021,2,36.81,0.05,69.94
OI04723,ORD01886,P0050,4,11.57,0.0,46.28
OI04724,ORD01886,P0048,4,189.24,0.0,756.96
OI04725,ORD01886,P0052,4,82.52,0.05,313.58
OI04726,ORD01887,P0027,4,271.32,0.1,976.75
OI04727,ORD01888,P0041,5,223.53,0.05,1061.77
OI04728,ORD01888,P0003,1,37.76,0.0,37.76
OI04729,ORD01889,P0053,3,196.29,0.0,588.87
OI04730,ORD01889,P0004,1,25.49,0.1,22.94
OI04731,ORD01889,P0035,2,31.46,0.0,62.92
OI04732,ORD01890,P0041,5,223.53,0.05,1061.77
OI04733,ORD01890,P0033,4,75.79,0.0,303.16
OI04734,ORD01890,P0057,5,259.5,0.0,1297.5
OI04735,ORD01891,P0001,1,116.43,0.15,98.97
OI04736,ORD01891,P0042,4,68.75,0.05,261.25
OI04737,ORD01891,P0054,4,117.19,0.15,398.45
OI04738,ORD01891,P0019,2,65.06,0.05,123.61
OI04739,ORD01892,P0043,2,74.83,0.0,149.66
OI04740,ORD01892,P0037,5,10.8,0.15,45.9
OI04741,ORD01893,P0035,4,31.46,0.0,125.84
OI04742,ORD01893,P0035,3,31.46,0.1,84.94
OI04743,ORD01894,P0002,1,188.83,0.15,160.51
OI04744,ORD01894,P0047,3,192.68,0.15,491.33
OI04745,ORD01894,P0050,3,11.57,0.1,31.24
OI04746,ORD01894,P0027,3,271.32,0.15,691.87
OI04747,ORD01895,P0016,3,128.27,0.0,384.81
OI04748,ORD01895,P0055,2,49.93,0.1,89.87
OI04749,ORD01895,P0002,1,188.83,0.0,188.83
OI04750,ORD01895,P0001,1,116.43,0.0,116.43
OI04751,ORD01896,P0048,1,189.24,0.0,189.24
OI04752,ORD01896,P0028,4,178.03,0.15,605.3
OI04753,ORD01896,P0002,1,188.83,0.0,188.83
OI04754,ORD01897,P0021,5,36.81,0.0,184.05
OI04755,ORD01897,P0018,1,269.2,0.1,242.28
OI04756,ORD01897,P0024,4,82.33,0.15,279.92
OI04757,ORD01897,P0023,2,74.28,0.0,148.56
OI04758,ORD01898,P0056,3,64.45,0.05,183.68
OI04759,ORD01898,P0047,1,192.68,0.1,173.41
OI04760,ORD01898,P0049,3,126.91,0.15,323.62
OI04761,ORD01899,P0038,2,193.13,0.1,347.63
OI04762,ORD01899,P0017,2,28.31,0.0,56.62
OI04763,ORD01900,P0049,1,126.91,0.15,107.87
OI04764,ORD01901,P0053,2,196.29,0.0,392.58
OI04765,ORD01901,P0044,1,191.46,0.15,162.74
OI04766,ORD01901,P0040,5,76.18,0.0,380.9
OI04767,ORD01901,P0043,2,74.83,0.0,149.66
OI04768,ORD01902,P0004,3,25.49,0.15,65.0
OI04769,ORD01902,P0031,1,89.19,0.0,89.19
OI04770,ORD01903,P0004,4,25.49,0.15,86.67
OI04771,ORD01903,P0026,3,266.63,0.1,719.9
OI04772,ORD01904,P0024,5,82.33,0.15,349.9
OI04773,ORD01904,P0036,3,163.66,0.05,466.43
OI04774,ORD01904,P0009,2,80.73,0.1,145.31
OI04775,ORD01905,P0011,3,126.96,0.05,361.84
OI04776,ORD01905,P0030,3,17.27,0.0,51.81
OI04777,ORD01905,P0003,3,37.76,0.0,113.28
OI04778,ORD01905,P0014,4,55.53,0.15,188.8
OI04779,ORD01906,P0017,5,28.31,0.05,134.47
OI04780,ORD01906,P0002,3,188.83,0.1,509.84
OI04781,ORD01907,P0009,1,80.73,0.0,80.73
OI04782,ORD01907,P0056,5,64.45,0.15,273.91
OI04783,ORD01907,P0060,4,222.4,0.1,800.64
OI04784,ORD01907,P0013,2,130.8,0.0,261.6
OI04785,ORD01908,P0024,2,82.33,0.05,156.43
OI04786,ORD01909,P0044,1,191.46,0.0,191.46
OI04787,ORD01910,P0006,5,15.78,0.05,74.95
OI04788,ORD01910,P0030,4,17.27,0.15,58.72
OI04789,ORD01911,P0007,5,177.14,0.15,752.84
OI04790,ORD01911,P0040,4,76.18,0.1,274.25
OI04791,ORD01912,P0031,2,89.19,0.0,178.38
OI04792,ORD01912,P0055,4,49.93,0.15,169.76
OI04793,ORD01912,P0038,5,193.13,0.0,965.65
OI04794,ORD01913,P0021,5,36.81,0.0,184.05
OI04795,ORD01913,P0026,2,266.63,0.15,453.27
OI04796,ORD01913,P0022,1,19.3,0.0,19.3
OI04797,ORD01914,P0012,4,72.21,0.05,274.4
OI04798,ORD01915,P0017,3,28.31,0.15,72.19
OI04799,ORD01915,P0059,5,168.92,0.1,760.14
OI04800,ORD01915,P0047,3,192.68,0.0,578.04
OI04801,ORD01916,P0058,1,184.34,0.15,156.69
OI04802,ORD01916,P0044,1,191.46,0.0,191.46
OI04803,ORD01916,P0046,2,39.88,0.15,67.8
OI04804,ORD01917,P0012,4,72.21,0.05,274.4
OI04805,ORD01917,P0037,3,10.8,0.15,27.54
OI04806,ORD01917,P0043,4,74.83,0.0,299.32
OI04807,ORD01918,P0024,1,82.33,0.0,82.33
OI04808,ORD01919,P0015,5,116.79,0.15,496.36
OI04809,ORD01919,P0050,3,11.57,0.1,31.24
OI04810,ORD01919,P0010,5,99.31,0.15,422.07
OI04811,ORD01920,P0020,2,164.66,0.0,329.32
OI04812,ORD01920,P0046,5,39.88,0.0,199.4
OI04813,ORD01920,P0055,2,49.93,0.0,99.86
OI04814,ORD01921,P0009,1,80.73,0.0,80.73
OI04815,ORD01921,P0030,4,17.27,0.05,65.63
OI04816,ORD01921,P0017,1,28.31,0.05,26.89
OI04817,ORD01922,P0041,3,223.53,0.0,670.59
OI04818,ORD01922,P0043,3,74.83,0.15,190.82
OI04819,ORD01922,P0033,2,75.79,0.05,144.0
OI04820,ORD01923,P0016,5,128.27,0.0,641.35
OI04821,ORD01923,P0029,1,24.91,0.15,21.17
OI04822,ORD01923,P0050,3,11.57,0.0,34.71
OI04823,ORD01923,P0051,4,16.51,0.1,59.44
OI04824,ORD01924,P0048,4,189.24,0.1,681.26
OI04825,ORD01924,P0025,1,117.02,0.0,117.02
OI04826,ORD01924,P0043,4,74.83,0.15,254.42
OI04827,ORD01924,P0038,5,193.13,0.0,965.65
OI04828,ORD01925,P0012,4,72.21,0.0,288.84
OI04829,ORD01926,P0050,2,11.57,0.05,21.98
OI04830,ORD01926,P0008,5,43.51,0.1,195.8
OI04831,ORD01926,P0053,2,196.29,0.0,392.58
OI04832,ORD01927,P0030,3,17.27,0.15,44.04
OI04833,ORD01927,P0010,4,99.31,0.0,397.24
OI04834,ORD01927,P0034,3,47.09,0.05,134.21
OI04835,ORD01928,P0057,4,259.5,0.15,882.3
OI04836,ORD01928,P0055,3,49.93,0.0,149.79
OI04837,ORD01928,P0012,3,72.21,0.05,205.8
OI04838,ORD01929,P0026,5,266.63,0.1,1199.84
OI04839,ORD01929,P0042,4,68.75,0.15,233.75
OI04840,ORD01930,P0042,2,68.75,0.05,130.62
OI04841,ORD01930,P0042,5,68.75,0.15,292.19
OI04842,ORD01930,P0027,4,271.32,0.0,1085.28
OI04843,ORD01931,P0050,5,11.57,0.15,49.17
OI04844,ORD01931,P0021,2,36.81,0.05,69.94
OI04845,ORD01932,P0002,5,188.83,0.0,944.15
OI04846,ORD01933,P0047,3,192.68,0.05,549.14
OI04847,ORD01933,P0036,2,163.66,0.1,294.59
OI04848,ORD01933,P0019,5,65.06,0.0,325.3
OI04849,ORD01933,P0036,1,163.66,0.05,155.48
OI04850,ORD01934,P0035,3,31.46,0.1,84.94
OI04851,ORD01934,P0017,3,28.31,0.15,72.19
OI04852,ORD01934,P0040,4,76.18,0.05,289.48
OI04853,ORD01935,P0037,5,10.8,0.0,54.0
OI04854,ORD01936,P0034,3,47.09,0.0,141.27
OI04855,ORD01937,P0029,5,24.91,0.1,112.1
OI04856,ORD01938,P0048,5,189.24,0.1,851.58
OI04857,ORD01938,P0009,5,80.73,0.05,383.47
OI04858,ORD01939,P0045,1,214.4,0.0,214.4
OI04859,ORD01940,P0021,1,36.81,0.0,36.81
OI04860,ORD01940,P0024,5,82.33,0.0,411.65
OI04861,ORD01941,P0040,4,76.18,0.05,289.48
OI04862,ORD01941,P0029,4,24.91,0.1,89.68
OI04863,ORD01942,P0051,3,16.51,0.0,49.53
OI04864,ORD01942,P0055,3,49.93,0.0,149.79
OI04865,ORD01942,P0017,1,28.31,0.15,24.06
OI04866,ORD01942,P0009,4,80.73,0.0,322.92
OI04867,ORD01943,P0049,2,126.91,0.05,241.13
OI04868,ORD01944,P0026,1,266.63,0.1,239.97
OI04869,ORD01944,P0025,5,117.02,0.05,555.84
OI04870,ORD01944,P0058,5,184.34,0.05,875.62
OI04871,ORD01945,P0049,5,126.91,0.0,634.55
OI04872,ORD01946,P0051,4,16.51,0.0,66.04
OI04873,ORD01946,P0038,4,193.13,0.0,772.52
OI04874,ORD01946,P0042,4,68.75,0.1,247.5
OI04875,ORD01946,P0059,4,168.92,0.15,574.33
OI04876,ORD01947,P0025,3,117.02,0.1,315.95
OI04877,ORD01947,P0005,1,164.14,0.0,164.14
OI04878,ORD01948,P0010,3,99.31,0.0,297.93
OI04879,ORD01948,P0038,3,193.13,0.15,492.48
OI04880,ORD01949,P0057,4,259.5,0.05,986.1
OI04881,ORD01949,P0056,3,64.45,0.0,193.35
OI04882,ORD01949,P0052,1,82.52,0.1,74.27
OI04883,ORD01949,P0046,1,39.88,0.15,33.9
OI04884,ORD01950,P0018,2,269.2,0.0,538.4
OI04885,ORD01950,P0031,3,89.19,0.0,267.57
OI04886,ORD01950,P0010,4,99.31,0.05,377.38
OI04887,ORD01951,P0016,5,128.27,0.0,641.35
OI04888,ORD01951,P0028,3,178.03,0.0,534.09
OI04889,ORD01951,P0036,1,163.66,0.0,163.66
OI04890,ORD01951,P0018,5,269.2,0.1,1211.4
OI04891,ORD01952,P0046,1,39.88,0.15,33.9
OI04892,ORD01953,P0025,5,117.02,0.05,555.84
OI04893,ORD01954,P0056,2,64.45,0.05,122.46
OI04894,ORD01954,P0009,3,80.73,0.05,230.08
OI04895,ORD01954,P0002,4,188.83,0.0,755.32
OI04896,ORD01954,P0002,1,188.83,0.05,179.39
OI04897,ORD01955,P0029,3,24.91,0.15,63.52
OI04898,ORD01955,P0048,2,189.24,0.05,359.56
OI04899,ORD01956,P0019,3,65.06,0.0,195.18
OI04900,ORD01956,P0023,5,74.28,0.15,315.69
OI04901,ORD01957,P0009,5,80.73,0.0,403.65
OI04902,ORD01957,P0048,1,189.24,0.0,189.24
OI04903,ORD01957,P0021,1,36.81,0.0,36.81
OI04904,ORD01958,P0032,5,189.95,0.1,854.78
OI04905,ORD01958,P0019,2,65.06,0.15,110.6
OI04906,ORD01958,P0059,3,168.92,0.15,430.75
OI04907,ORD01958,P0045,5,214.4,0.0,1072.0
OI04908,ORD01959,P0035,3,31.46,0.15,80.22
OI04909,ORD01959,P0018,1,269.2,0.05,255.74
OI04910,ORD01960,P0036,3,163.66,0.05,466.43
OI04911,ORD01960,P0032,4,189.95,0.15,645.83
OI04912,ORD01960,P0046,5,39.88,0.15,169.49
OI04913,ORD01960,P0053,2,196.29,0.0,392.58
OI04914,ORD01961,P0040,2,76.18,0.05,144.74
OI04915,ORD01961,P0019,3,65.06,0.15,165.9
OI04916,ORD01961,P0041,5,223.53,0.05,1061.77
OI04917,ORD01962,P0008,2,43.51,0.0,87.02
OI04918,ORD01962,P0048,3,189.24,0.1,510.95
OI04919,ORD01962,P0028,5,178.03,0.0,890.15
OI04920,ORD01962,P0058,1,184.34,0.15,156.69
OI04921,ORD01963,P0040,2,76.18,0.15,129.51
OI04922,ORD01964,P0050,3,11.57,0.05,32.97
OI04923,ORD01964,P0057,1,259.5,0.15,220.58
OI04924,ORD01965,P0038,5,193.13,0.05,917.37
OI04925,ORD01965,P0039,1,152.53,0.1,137.28
OI04926,ORD01965,P0018,4,269.2,0.05,1022.96
OI04927,ORD01965,P0009,4,80.73,0.1,290.63
OI04928,ORD01966,P0037,4,10.8,0.0,43.2
OI04929,ORD01966,P0057,2,259.5,0.0,519.0
OI04930,ORD01967,P0042,3,68.75,0.05,195.94
OI04931,ORD01967,P0007,5,177.14,0.0,885.7
OI04932,ORD01968,P0041,1,223.53,0.15,190.0
OI04933,ORD01968,P0011,3,126.96,0.0,380.88
OI04934,ORD01969,P0026,4,266.63,0.15,906.54
OI04935,ORD01969,P0022,4,19.3,0.0,77.2
OI04936,ORD01969,P0004,1,25.49,0.05,24.22
OI04937,ORD01970,P0057,2,259.5,0.0,519.0
OI04938,ORD01971,P0018,3,269.2,0.05,767.22
OI04939,ORD01971,P0021,5,36.81,0.0,184.05
OI04940,ORD01971,P0024,5,82.33,0.05,391.07
OI04941,ORD01972,P0015,1,116.79,0.0,116.79
OI04942,ORD01972,P0015,1,116.79,0.15,99.27
OI04943,ORD01972,P0030,1,17.27,0.05,16.41
OI04944,ORD01972,P0021,2,36.81,0.0,73.62
OI04945,ORD01973,P0034,2,47.09,0.0,94.18
OI04946,ORD01973,P0026,2,266.63,0.05,506.6
OI04947,ORD01973,P0009,4,80.73,0.1,290.63
OI04948,ORD01974,P0038,4,193.13,0.05,733.89
OI04949,ORD01974,P0018,3,269.2,0.15,686.46
OI04950,ORD01974,P0015,3,116.79,0.0,350.37
OI04951,ORD01975,P0009,2,80.73,0.05,153.39
OI04952,ORD01975,P0055,2,49.93,0.0,99.86
OI04953,ORD01975,P0004,3,25.49,0.0,76.47
OI04954,ORD01976,P0013,4,130.8,0.05,497.04
OI04955,ORD01976,P0004,3,25.49,0.05,72.65
OI04956,ORD01976,P0030,1,17.27,0.1,15.54
OI04957,ORD01976,P0029,5,24.91,0.05,118.32
OI04958,ORD01977,P0030,3,17.27,0.05,49.22
OI04959,ORD01978,P0014,1,55.53,0.0,55.53
OI04960,ORD01978,P0041,4,223.53,0.1,804.71
OI04961,ORD01978,P0048,4,189.24,0.0,756.96
OI04962,ORD01978,P0007,2,177.14,0.05,336.57
OI04963,ORD01979,P0002,4,188.83,0.0,755.32
OI04964,ORD01980,P0009,2,80.73,0.0,161.46
OI04965,ORD01980,P0055,3,49.93,0.0,149.79
OI04966,ORD01980,P0041,5,223.53,0.15,950.0
OI04967,ORD01980,P0058,5,184.34,0.1,829.53
OI04968,ORD01981,P0012,1,72.21,0.0,72.21
OI04969,ORD01981,P0058,5,184.34,0.0,921.7
OI04970,ORD01981,P0014,5,55.53,0.0,277.65
OI04971,ORD01981,P0026,1,266.63,0.05,253.3
OI04972,ORD01982,P0001,5,116.43,0.0,582.15
OI04973,ORD01983,P0049,4,126.91,0.1,456.88
OI04974,ORD01983,P0040,2,76.18,0.0,152.36
OI04975,ORD01984,P0009,1,80.73,0.15,68.62
OI04976,ORD01984,P0048,3,189.24,0.15,482.56
OI04977,ORD01984,P0022,2,19.3,0.0,38.6
OI04978,ORD01985,P0004,4,25.49,0.1,91.76
OI04979,ORD01985,P0007,2,177.14,0.0,354.28
OI04980,ORD01985,P0016,5,128.27,0.0,641.35
OI04981,ORD01986,P0044,3,191.46,0.0,574.38
OI04982,ORD01987,P0017,1,28.31,0.15,24.06
OI04983,ORD01987,P0048,4,189.24,0.0,756.96
OI04984,ORD01987,P0021,5,36.81,0.15,156.44
OI04985,ORD01987,P0016,4,128.27,0.1,461.77
OI04986,ORD01988,P0059,1,168.92,0.0,168.92
OI04987,ORD01988,P0053,4,196.29,0.1,706.64
OI04988,ORD01989,P0019,2,65.06,0.0,130.12
OI04989,ORD01989,P0015,1,116.79,0.0,116.79
OI04990,ORD01989,P0041,4,223.53,0.1,804.71
OI04991,ORD01990,P0054,1,117.19,0.0,117.19
OI04992,ORD01991,P0006,1,15.78,0.1,14.2
OI04993,ORD01991,P0037,2,10.8,0.0,21.6
OI04994,ORD01991,P0013,2,130.8,0.1,235.44
OI04995,ORD01991,P0027,3,271.32,0.15,691.87
OI04996,ORD01992,P0025,3,117.02,0.05,333.51
OI04997,ORD01993,P0022,3,19.3,0.15,49.22
OI04998,ORD01994,P0003,3,37.76,0.1,101.95
OI04999,ORD01994,P0035,2,31.46,0.0,62.92
OI05000,ORD01994,P0038,3,193.13,0.05,550.42
OI05001,ORD01994,P0058,5,184.34,0.15,783.44
OI05002,ORD01995,P0012,5,72.21,0.05,343.0
OI05003,ORD01995,P0013,4,130.8,0.0,523.2
OI05004,ORD01996,P0050,2,11.57,0.1,20.83
OI05005,ORD01996,P0030,3,17.27,0.0,51.81
OI05006,ORD01996,P0041,3,223.53,0.05,637.06
OI05007,ORD01997,P0023,4,74.28,0.0,297.12
OI05008,ORD01998,P0037,3,10.8,0.1,29.16
OI05009,ORD01998,P0008,3,43.51,0.05,124.0
OI05010,ORD01998,P0034,5,47.09,0.05,223.68
OI05011,ORD01998,P0058,5,184.34,0.0,921.7
OI05012,ORD01999,P0034,4,47.09,0.0,188.36
OI05013,ORD01999,P0027,3,271.32,0.1,732.56
OI05014,ORD02000,P0060,2,222.4,0.05,422.56
OI05015,ORD02000,P0010,3,99.31,0.05,283.03
OI05016,ORD02000,P0054,3,117.19,0.15,298.83
